common_pt,common2,sci.name,sp,family,growth_form,yrs_ini_prod,max_ini_prod,stratum,strata,life_hist,longev_prod,ori.longev.prod,apical_pruning,leaf_phenol,plant_max_height,estagio,value,function,function2,pollination,dispersal,phytogeo_domain,threat_status,geo_ditribution,estr_ocup,soil,spacing,planting,obs,ref
palma,,Opuntia_ficusindica,opufic,Cactaceae,Cactus,,,,,perennial,,,,evergreen,,,,,,,,,,,,,,,,agendagotsch.com;_https://www.nparks.gov.sg/florafaunaweb/flora/4/5/4542
bertalha,,Basella_alba,basalb,Portulacaceae,Climber,0.167,0.25,,,perennial,,,,,,,,,,,,,,,,,,,,cartilhasafipoema
buchinha-do-norte,,Luffa_operculata,,Curcubitaceae,Climber,,,,,,,,,,,,,dryfruit,medicine,,,af,ne,alien,,,,,,cartilhaliberdadeevida;_https://www.embrapa.br/documents/1355054/26025431/SITE+ARVORES_FICHA_61_Pouteria+caimito.pdf/254efcb1-f3fc-a624-92c9-2bb84b5e6266
cabaca,,Lagenaria_siceraria,lagsic,Cucurbitaceae,Climber,0.167,0.333,,,annual,0.583,,,,,,,,,,,,,,,,,,,cartilhasafipoema;https://ainfo.cnptia.embrapa.br/digital/bitstream/item/225763/1/CT-175-30ago2021.pdf
feijao-catador,,Vigna_unguiculata,vigung,Fabaceae,Climber,,,,,annual,,,,annual,,,,,,,,,,,,,,,,hortas.info/
feijao-da-espanha,,Phaseolus_coccineus,phacoc,,Climber,0.25,0.333,,,annual,0.333,,,,,,,,,,,,,,,,,,,https://www.ufsm.br/app/uploads/sites/555/2022/09/a-tecnologia-social-das-agroflorestas.pdf
feijao-de-lima,,Phaseolus_lunatus,phalun,Fabaceae,Climber,0.236,0.306,,,annual,0.306,,,,,,,,,,,,,,,,,,,agendagotsch.com
feijao-vagem,,Phaseolus_vulgaris,phavul,Fabaceae,Climber,0.167,0.194,,,annual,0.194,,,,,,,,,,,,,,,,,,,agroflorestar.com;_https://bdm.unb.br/bitstream/10483/28172/1/2019_MarceloDeAbreuFloresTosacano_tcc.pdf
melao-de-sao-caetano,,Momordica_charantia,momcha,Curcubitaceae,Climber,0.167,0.333,,,annual,0.333,,,,,trepadeira,,,,,,,,,,,,,,cartilhaliberdadeevida
minipepino,,Melothria_scabra,melsca,Curcubitaceae,Climber,0.167,0.25,,,perennial,,,,,,trepadeira,,,,,,,,,,,,,,agendagotsch.com;_https://ainfo.cnptia.embrapa.br/digital/bitstream/item/112716/1/Cultivo-de-Fruteiras-em-Sistemas-Agroflorestais.pdf
alcaravia,,Carum_carvi,carcar,Apiaceae,Herb,2.0,,,,biennial,,,,,,,,,,,,,,,,,,,,agroflorestar.com;globorural
alface-de-cordeiro,,Valerianella_locusta,valloc,Valerianaceae,Herb,0.111,0.167,,,annual,0.333,,,,,,,,,,,,,,,,,,,agroflorestaaprendendoaproduzircomanatureza;_https://ainfo.cnptia.embrapa.br/digital/bitstream/item/112716/1/Cultivo-de-Fruteiras-em-Sistemas-Agroflorestais.pdf
aspargo,,Asparagus_officinalis,aspoff,Asparagaceae,Herb,2.0,3.0,,,perennial,20.0,,,,,,,,,,,,,,,,,,,cartilhaliberdadeevida/manualsistemasagroflorestaisemater;_https://www.infoteca.cnptia.embrapa.br/infoteca/handle/item/14/simple-search?query=circular&rpp=100&sort_by=0&order=desc&submit_search=alterar
braquiarao,,Urochloa_brizantha,urobri,Poaceae,Herb,,,,,perennial,,,,evergreen,,,,,,,,,,,,,,,,cartilhaliberdadeevida
braquiaria,decumbens,Urochloa_decumbens,urodec,Poaceae,Herb,,,,,perennial,,,,evergreen,,,,,,,,,,,,,,,,agroflorestar.com
camomila,,Matricaria_chamomilla,matcha,Asteraceae,Herb,0.25,0.333,,,annual,0.416,,,,,,,,,,,,,,,,,,,agroflorestaecologiaesociedade;_https://www.nparks.gov.sg/florafaunaweb/flora/5/6/5620;_https://tropical.theferns.info/viewtropical.php?id=Falcataria+moluccana
capim-jaragua,,Hyparrhenia_rufa,hypruf,Poaceae,Herb,,,,,perennial,,,,evergreen,,,,,,,,,,,,,,,,.
capim-melosinho,gordua-pequeno,Melinis_minutiflora,melmin,Poaceae,Herb,,,,,perennial,,,,,,,,,,,,,,,,,,,,hortas.info/
cardo,,Cynara_cardunculus,cyncar,Asteraceae,Herb,,,,,perennial,,,,,1.5,,,,,,,,,,,,,,,hortas.info/
cebolinha-verde,,Allium_fistulosum,allfis,Liliaceae,Herb,0.208,0.333,,,annual,0.333,,,,,,,,,,,,,,,,,,,hortas.info/
endro,,Anethum_graveolens,anegra,Apiaceae,Herb,0.083,0.167,,,annual,0.167,,,,,,,,,,,,,,,,,,,"agroflorestaecologiaesociedade;_https://caminhosdasemente.org.br/documents/Especies%20para%20semeadura%20direta%20na%20Amazo%CC%82nia,%20Cerrado%20e%20Mata%20Atla%CC%82ntica_Caracteri%CC%81sticas%20de%20sementes%20e%20plantas,%20e%20sugesto%CC%83es%20de%20coleta.pdf"
erva-cidreira,,Melissa_officinalis,meloff,Lamiaceae,Herb,0.25,0.333,,,perennial,,,,,,,,,,,,,,,,,,,,.
erva-do-orvalho,,Mesembryanthemum_crystallinum,mescry,Aizoaceae,Herb,0.083,,,,biennial,,,,,,,,,,,,,,,,,,,,hortas.info/
erva-dos-gatos,,Nepeta_cataria,nepcat,Lamiaceae,Herb,,,,,perennial,,,,,,,,,,,,,,,,,,,,cartilhaliberdadeevida
funcho,,Foeniculum_vulgare,foevul,Aoiaceae,Herb,0.222,0.278,,,annual,0.3,,,,,,,,,,,,,,,,,,,
girassol-batateiro,topinambo,Helianthus_tuberosus,heltub,Asteraceae,Herb,0.333,0.417,,,annual,0.417,,,,,,,,,,,,,,,,,,,"agricultoresquecultivamárvores;_https://caminhosdasemente.org.br/documents/Especies%20para%20semeadura%20direta%20na%20Amazo%CC%82nia,%20Cerrado%20e%20Mata%20Atla%CC%82ntica_Caracteri%CC%81sticas%20de%20sementes%20e%20plantas,%20e%20sugesto%CC%83es%20de%20coleta.pdf"
humidicula,mendico,Urochloa_humidicola,urohum,Poaceae,Herb,,,,,perennial,,,,evergreen,,,,,,,,,,,,,,,,agroflorestar.com
komatsuna,,Brassica_rapa_var_komatsuna,brarapKom,Brassicaceae,Herb,0.083,0.167,,,annual,0.333,,,,,,,,,,,,,,,,,,,agroflorestar.com
mal-me-quer,flor-do-campo,Aspilia_montevidensis,aspmon,Verbenaceae,Herb,,,,,perennial,,,,,,,,,,,,,,,,,,,,agroflorestar.com
mizuna,,Brassica_rapa_var_nipposinica,brarapnip,Brassicaceae,Herb,0.139,0.194,,,annual,0.194,,,,,,,,,,,,,,,,,,,hortas.info/
mombaca,,Panicum_maximum_var_mombaça,panmaxmom,Poaceae,Herb,,,,,perennial,,,,evergreen,,,,,,,,,,,,,,,,hortas.info/
moranga,,Cucurbita_maxima,curmax,Curcubitaceae,Herb,0.236,0.417,,,annual,0.417,,,,,,,,,,,,,,,,,,,agroflorestaecologiaesociedade
mostarda,,Brassica_juncea,brajun,Brassicaceae,Herb,0.111,0.194,,,annual,0.417,0.417,,annual,,,,,,,,,,,,,,,,cartilhaliberdadeevida
nabo-sueco,,Brassica_napus_napobrassica,Branap,Brassicaceae,Herb,0.389,0.506,,,biennial,0.506,506.0,,,,,,,,,,,,,,,,,,cartilhaliberdadeevida
oca,,Oxalis_tuberosa,oxatub,Oxalidaceae,Herb,0.5,0.75,,,perennial,0.75,,,deciduous,,,,,,,,,,,,,,,,hortas.info/
pak-choi,,Brassica_rapa_var_chinensis,brarapchi,Brassicaceae,Herb,0.117,0.194,,,annual,0.311,,,,,,,,,,,,,,,,,,,agroflorestaecologiaesociedade
quinoa,,Chenopodium_quinoa,chequi,Amaranthaceae,Herb,0.25,0.5,,,annual,0.5,,,,,,,,,,,,,,,,,,,cartilhaliberdadeevida
rabano,,Raphanus_sativus_var_longipinnatus,raplon,Brassicaceae,Herb,0.139,0.222,,,annual,0.222,,,,,,,,,,,,,,,,,,,cartilhaliberdadeevida
raiz-forte,,Armoracia_rusticana,armrus,Brassicaceae,Herb,,,,,perennial,,,,,,,,,,,,,,,,,,,,agroflorestaecologiaesociedade
ruibarbo,,Rheum_rhabarbarum,rherha,Polygonaceae,Herb,2.0,,,,perennial,,,,,,,,,,,,,,,,,,,,agroflorestar.com;_https://ainfo.cnptia.embrapa.br/digital/bitstream/item/112716/1/Cultivo-de-Fruteiras-em-Sistemas-Agroflorestais.pdf
ruziziensis,,Urochloa_ruziziensis,uroruz,Poaceae,Herb,,,,,perennial,,,,evergreen,,,,,,,,,,,,,,,,agricultoresquecultivamárvores_https://ainfo.cnptia.embrapa.br/digital/bitstream/item/225386/1/BRS-Sarandi-nova-cultivar-de-Andropogon-gayanus-Circular-52.pdf
segurelha,,Satureja_hortensis,sathor,Lamiaceae,Herb,0.167,0.167,,,annual,,,,,,,,,,,,,,,,,,,,agricultoresquecultivamárvores
shiso,,Perilla_frutescens_var_crispa,perfru,Lamiaceae,Herb,0.222,0.222,,,annual,0.222,,,,,,,,,,,,,,,,,,,cartilhaliberdadeevida;_agroflorestaecologiaesociedade
tanzania,,Panicum_maximum_var_tanzanea,panmaxtan,Poaceae,Herb,,,,,perennial,,,,evergreen,,,,,,,,,,,,,,,restoration,embrapa
tupixaba,,Scoparia_dulcis,scodul,Plantaginaceae,Herb,,,,,perennial,,,,,,,,,,,,,,,,,,,,agroflorestaecologiaesociedade
canela-do-ceilao,canela-da-india,Cinnamomum_verum,,,,3.0,4.0,,,perennial,,,,evergreen,18.0,,,condiment,medicine,,,,,,,,,,restoration,agroflorestaecologiaesociedade
cereja-paulista,,Eugenia_hermesiana,,Myrtaceae,,,,,,perennial,,,,,,,,fruit,,,,,,,,,,,,
ceriguela,siriguela,Spondias_purpurea_L,,,,,,,,perennial,,,,,,,,,,,,,,,,,,,,cartilhaliberdadeevida;_https://ainfo.cnptia.embrapa.br/digital/bitstream/item/112716/1/Cultivo-de-Fruteiras-em-Sistemas-Agroflorestais.pdf
corticeira-do-banhado,suina,Erythrina_crista-galli,,Fabaceae,,,,,,perennial,,,,deciduous,20.0,,,timber,medicine,,,,,,,,,,,https://ainfo.cnptia.embrapa.br/digital/bitstream/item/232163/1/Especies-Arboreas-Brasileiras-vol-5-Pau-Alazao.pdf
feijao-arroz,,Vigna_umbellata,,,,0.33,0.4,,,,,,,,1.0,,,seed,,,,,,,,,,,,
feijao-bambara,,Vigna_subterranea,,,,0.3,0.6,,,,,,,,,,,,,,,,,,,,,,,agroflorestaecologiaesociedade
ginseng-brasileiro,fafia,Pfaffia_glomerata,,,,,,,,,,,,,,,,,,,,,,,,,,,,agroflorestar.com
guabiju,guaviyu,Myrcianthes_pungens,,Myrtaceae,,,,,,perennial,,,,,,,,,,,,,,,,,,,,cartilhaliberdadeevida
guapiciqui,,Myrcia_magnifolia,,Myrtaceae,,,,,,perennial,,,,,,,,fruit,,,,,,,,,,,,
inga-anao-de-flor-rosa,inga-bugiu,Inga_vulpina,,Fabaceae,,,,,,perennial,,,,,5.0,,,,,,,,,,,,,,,.
mirtilo,,,,,,,,,,perennial,,,,,,,,,,,,,,,,,,,,agricultoresquecultivamárvores
nascedero,,Trichantera_gigantea,,,,1.0,,,,,,,,semi.evergreen,10.0,,,fodder,timber,,,,,,,,,,,agroflorestaecologiaesociedade
pau-ripa,,Luetzelburgia auriculata,,,,,,,,perennial,,,,deciduous,22.0,,,timber,,,,,,,,,,,,agroflorestaecologiaesociedade
tomate-de-arvore,tamarillo,Ciphomandra_betacea,,,,,,,,,,,,,2.5,,,,,,,,,,,,,,,
uvaia-costada-da-restinga,,Eugenia_rotundicosta,,Myrtaceae,,,,,,perennial,,,,,,,,fruit,,,,,,,,,,,,agroflorestaecologiaesociedade
brejauva,,Astrocaryum_aculeatissimum,astacu,Arecaceae,Palm,,,,,perennial,,,,,,,,,,,,,,,,,,,,agroflorestaecologiaesociedade
buritirana,,Mauritiella_aculeata,mauacu,Arecaceae,Palm,,,,,perennial,,,,evergreen,,,,,,,,,,,,,,,,cartilhaliberdadeevida
coco-dende,,Elaeis_guineenses,elagui,Arecaceae,Palm,,,,,perennial,,,,evergreen,,,,,,,,,,,,,,,,
geriva,,Syagrus_romanzoffiana,syarom,Arecaceae,Palm,,,,,perennial,,,,,,,,,,,,,,,,,,,,agroflorestar.com
inaja,,Attalea_maripa,attmar,Arecaceae,Palm,,,,,perennial,,,,evergreen,,,,,,,,,,,,,,,,
palmeira-real,,Archontophoenix_alexandrae,Arcale,Arecaceae,Palm,,,,,perennial,,,,,,,,,,,,,,,,,,,,hortas.info/
tucum,,Bactris_setosa,bacset,Arecaceae,Palm,,,,,perennial,,,,,,,,,,,,,,,,,,,,hortas.info/
alecrim,,Rosmarinus_officinalis,rosoff,Lamiaceae,Shrub,0.25,,,,perennial,,,,evergreen,1.8,,leaf,condiment,medicine,,,,,,,,,,,agroflorestaecologiaesociedade
assa-peixe,,Vernonanthura_polyanthes,verpol,Asteraceae,Shrub,,,,,perennial,,,,,,pioneira,,,,,,,,,,,,,,
assa-peixe,,Vernonanthura_tweediana,,Asteraceae,Shrub,,,,,perennial,,,,evergreen,,,,medicine,,,,af,ne,native,,,,,,hortas.info/
camirinha,,Gaylussacia_brasiliensis,gaybra,Ericaceae,Shrub,,,,,perennial,,,,,,,,,,,,,,,,,,,,agricultoresquecultivamárvores
erva-de-rato,,Palicourea_blanchetiana,palbla,Rubiaceae,Shrub,,,,,perennial,,,,,,,,,,,,,,,,,,,,cartilhaliberdadeevida
espinheira-santa,,Maytenus_aquifolia,mayaqu,Celastraceae,Shrub,,,,,perennial,,,,,,,,,,,,,,,,,,,,
ipe-de-jardim,ipezinho,Tecoma_stans,tecsta,Bignoniaceae,Shrub,,,,,perennial,,,,,,,,,,,,,,,,,,,materia-organica,agroflorestar.com
jaborandi-branco,,Piper_gaudichaudianum,pipgau,Piperaceae,Shrub,,,,,perennial,,,,,,,,,,,,,,,,,,,,agricultoresquecultivamárvores
jaguarandi,,Boehmeria_caudata,boecau,Urticaceae,Shrub,,,,,perennial,,,,,,,,,,,,,,,,,,,,agroflorestaecologiaesociedade
lavanda,,Lavandula_angustifolia,lavang,Lamiaceae,Shrub,1.0,2.0,,,perennial,,,,,,,,,,,,,,,,,,,,
leucena,,Leucaena_leucocephala,leuleu,Fabaceae,Shrub,,,,,perennial,,,,,,,,,,,,,,,,,,,,agricultoresquecultivamárvores
pariparoba,,Piper_cernuum,Pipcer,Piperaceae,Shrub,,,,,perennial,,,,,,,,,,,,,,,,,,,,cartilhaliberdadeevida
peloteria,,Solanum_pseudocapsicum,Solpse,Solanaceae,Shrub,,,,,perennial,,,,,,,,,,,,,,,,,,,,cartilhasafipoema
pixirica,,Leandra_australis,Leaaus,Melastomataceae,Shrub,,,,,perennial,,,,,3.0,,,,,,,,,,,,,,,cartilhasafipoema
repeludo,,Aloysia_virgata,alovir,Verbenaceae,Shrub,,,,,perennial,,,,,,,,,,,,,,,,,,,,cartilhaliberdadeevida
velame,,Croton_splendidus,crospl,Euphorbiaceae,Shrub,,,,,perennial,,,,,,,,,,,,,,,,,,,,cartilhaliberdadeevida
borragem,,Borago_officinalis,boroff,Boraginaceae,Subshrub,,,,,annual,,,,,,,,,,,,,,,,,,,,cartilhaliberdadeevida
hibisco,,Hibiscus_rosa-Sinensis,hibros,Malvaceae,Subshrub,,,,,perennial,,,,,5.0,,,,,,,,,,,,,,,cartilhasafipoema
malicia,,Mimosa_pudica,mimpud,Fabaceae,Subshrub,,,,,biennial,,,,biennial,,,,,,,,,,,,,,,,agroflorestar.com
salvia,,Salvia_officinalis,saloff,Lamiaceae,Subshrub,0.25,0.333,,,perennial,,,,,,,,,,,,,,,,,,,,agroflorestaecologiaesociedade
vassoura,,Baccharis_vulneraria,bacvul,Asteraceae,Subshrub,,,,,perennial,,,,,,,,,,,,,,,,,,,,cartilhaliberdadeevida
amarelinha,,Trichilia_catigua,tricat,Meliaceae,Tree,,,,,perennial,,,,,,,,,,,,,,,,,,,,agroflorestar.com
aperta-guela,,Myrcia_hebepetala,myrheb,Myrtaceae,Tree,,,,,perennial,,,,,,,,,,,,,,,,,,,,cartilhaliberdadeevida
araca,,Psidium_guineense,psiara,Myrtaceae,Tree,3.0,,,,perennial,,,,evergreen,6.0,,,fruit,timber,,,af,,native,,,5x5,,,hortas.info/
araca-roxo-folha-longa,,Psidium_myrsinoides,,Myrtaceae,Tree,,,,,perennial,,,,deciduous,8.0,,,fruit,,melittophily,,,,,,,,,,hortas.info/
aracatinga,,Eugenia_leonanii,eugleo,Myrtaceae,Tree,,,,,perennial,,,,,,,,,,,,,,,,,,,,.
araticum,pana,Annona_crassiflora,annmar,Annonaceae,Tree,,,,,perennial,,,,evergreen,,,,,,,,,,,,,,,,.
araticum-cagao,,Annona_cacans,annwar,Annonaceae,Tree,,,,,perennial,,,,,,,,,,,,,,,,,,,,.
araticum-cavalo,,Annona_tomentosa,anntom,Annonaceae,Tree,,,,,perennial,,,,,,,,,,,,,,,,,,,,agricultoresquecultivamárvores_https://www.institutohorus.org.br/download/AR%20Plantas%20Horus/AR%20Plantas%20Urochloa%20humidicola.pdf
araticum-do-mato,cortica-amarela,Rollinia_sylvatica,,Annonaceae,Tree,,,,,perennial,,,,evergreen,15.0,,,fruit,,,,,,,,,,,,agroflorestaecologiaesociedade
ariva,,Centrolobium_tomentosum,centom,Fabaceae,Tree,,,,,perennial,,,,,,,,,,,,,,,,,,,,agroflorestaecologiaesociedade
bacaba,,Oenocarpus_bacaba,oenmar,Arecaceae,Tree,,,,,perennial,,,,evergreen,,,,,,,,,,,,,,,,agendagotsch.com
barriguda,,Ceiba_speciosa,ceispe,Malvaceae,Tree,,,,,perennial,,,,,,,,,,,,,,,,,,,,agroflorestaecologiaesociedade
bico-de-pato,,Platymiscium_floribundum,plaflo,Fabaceae,Tree,,,,,perennial,,,,,,,,,,,,,,,,,,,,agroflorestaecologiaesociedade
bicuiba,,Virola_bicuhyba,virbic,Myristicaceae,Tree,,,,,perennial,,,,,,,,,,,,,,,,,,,,hortas.info/
bocuva,,Virola_oleifera,virole,Myristicaceae,Tree,,,,,perennial,,,,,,,,,,,,,,,,,,,,
boldo-do-chile,,Peumus_boldus,peubol,Monimiaceae,Tree,,,,,perennial,,,,,,,,,,,,,,,,,,,,agricultoresquecultivamárvores
cabriteira,,Rhamnidium_elaeocarpum,rhaela,Rhamnaceae,Tree,,,,,perennial,,,,,,,,,,,,,,,,,,,,agricultoresquecultivamárvores
cacaui,,Theobroma_speciosum,thewil,Malvaceae,Tree,,,,,perennial,,,,evergreen,,,,,,,,,,,,,,,,agroflorestaecologiaesociedade
cacau-tigre,,Pachira_aquatica,pacaqu,Malvaceae,Tree,,,,,perennial,,,,,,,,,,,,,,,,,,,,cartilhaliberdadeevida
cambara,,Moquiniastrum_polymorphum,moqpol,Asteraceae,Tree,,,,,perennial,,,,,,,,,,,,,,,,,,,,.
camboata,,Matayba_elaeagnoides,,Sapindaceae,Tree,,,,,perennial,,,,evergreen,20.0,,,timber,,,,af,ne,native,,,,,,
camboata-branco,,Matayba_intermedia,,Sapindaceae,Tree,,,,,perennial,,,,evergreen,23.0,,,timber,,,,af,ne,native,,,,,,cartilhaliberdadeevida
canela-branca,,Nectandra_membranacea,necmem,Lauraceae,Tree,,,,,perennial,,,,,,,,,,,,,,,,,,,,agricultoresquecultivamárvores
canela-niuva,,Nectandra_lanceolata,neclan,Lauraceae,Tree,,,,,perennial,,,,,,,,,,,,,,,,,,,,
canela-preta,,Ocotea_catharinensis,ococat,Lauraceae,Tree,,,,,perennial,,,,,,,,,,,,,,,,,,,,hortas.info/
canjarana,,Cabralea_canjerana,cabcan,Meliaceae,Tree,,,,,perennial,,,,,,,,,,,,,,,,,,,,cartilhaliberdadeevida
capixingui,,Croton_floribundus,croflo,Erythroxilaceae,Tree,,,,,perennial,,,,,,,,,,,,,,,,,,,,cartilhaliberdadeevida
caquera,,Senna_multijuga,senmul,Fabaceae,Tree,,,,,perennial,,,,,,,,,,,,,,,,,,,,agroflorestaecologiaesociedade
carapicica,,Zollernia_ilicifolia,zolili,Fabaceae,Tree,,,,,perennial,,,,,,,,,,,,,,,,,,,,agendagotsch.com;_https://ainfo.cnptia.embrapa.br/digital/bitstream/item/112716/1/Cultivo-de-Fruteiras-em-Sistemas-Agroflorestais.pdf
caroba,,Jacaranda_micrantha,jacmic,Bignoniaceae,Tree,,,,,perennial,,,,,,,,,,,,,,,,,,,,agricultoresquecultivamárvores
carvoeiro,,Tachigali_aurea,tacaur,Fabaceae,Tree,,,,,perennial,,,,evergreen,,,,,,,,,,,,,,,,agroflorestaecologiaesociedade
caterete,,Machaerium_paraguariense,macpar,Fabaceae,Tree,,,,,perennial,,,,,,,,,,,,,,,,,,,,cartilhasafipoema;_https://ainfo.cnptia.embrapa.br/digital/bitstream/item/112716/1/Cultivo-de-Fruteiras-em-Sistemas-Agroflorestais.pdf
cega-machado,,Physocalymma_scaberrimum,physca,Lythraceae,Tree,,,,,perennial,,,,evergreen,,,,,,,,,,,,,,,,
cidra,,Citrus_medica,citmed,Rutaceae,Tree,,,,,perennial,,,,,,,,,,,,,,,,,,,,.
coracao-de-bugre,,Machaerium_acutifolium,macacu,Fabaceae,Tree,,,,,perennial,,,,,,,,,,,,,,,,,,,,cartilhaliberdadeevida;_https://ainfo.cnptia.embrapa.br/digital/bitstream/item/112716/1/Cultivo-de-Fruteiras-em-Sistemas-Agroflorestais.pdf
curriola,,Pouteria_ramiflora,pouram,Sapoteceae,Tree,,,,,perennial,,,,evergreen,,,,,,,,,,,,,,,,cartilhaliberdadeevida
eritrina,,Erythrina_verna,eryver,Fabaceae,Tree,,,,,perennial,,,,,,,,,,,,,,,,,,,,agendagotsch.com
erva-de-lagarto,,Casearia_sylvestris,cassyl,Sapindaceae,Tree,,,,,perennial,,,,,,,,,,,,,,,,,,,,cartilhasafipoema
erva-de-macuco,,Bathysa_australis,bataus,Rubiaceae,Tree,,,,,perennial,,,,,,,,,,,,,,,,,,,,
erva-mate,,Ilex_paraguariensis,ilepar,Aquifoliceae,Tree,,,,,perennial,,,,,,,,,,,,,,,,,,,,cartilhaliberdadeevida
fruta-do-conde,,Annona_squamosa,annsqu,Annonaceae,Tree,3.0,,,,perennial,,,,,6.0,,,fruit,leaf,,,,,,,,,,,agroflorestaecologiaesociedade
gabiroba,,Campomanesia_xanthocarpa,camxan,Myrtaceae,Tree,,,,,perennial,,,,,,,,,,,,,,,,,,,,
gabiroba-branca,,Campomanesia_neriiflora,camner,Myrtaceae,Tree,,,,,perennial,,,,,,,,,,,,,,,,,,,,
goncalo-alves,,Astronium_sp,,Anacardiaceae,Tree,,,,,perennial,,,,evergreen,,,,,,,,,,,,,,,,
guanandi,,Calophyllum_brasiliense,calbra,Calophyllaceae,Tree,,,,,perennial,,,,,,,,,,,,,,,,,,,,
guaricica,,Vochysia_bifalcata,vocbif,Vochysiaceae,Tree,,,,,perennial,20.0,,,,25.0,,,,,,,,,,,,,,,agroflorestaecologiaesociedade
guassatunga,,Casearia_decandra,casdec,Salicaceae,Tree,,,,,perennial,,,,,18.0,,,,,,,,,,,,,,,hortas.info/
gue,,Machaerium_villosum,macvil,Fabaceae,Tree,,,,,perennial,,,,,30.0,,,,,,,,,,,,,,,cartilhaliberdadeevida
imbira,,Eriotheca_candolleana,erican,Malvaceae,Tree,,,,,perennial,,,,,24.0,,,,,,,,,,,,,,,cartilhaliberdadeevida
imburana,,Amburana_cearensis,ambcea,Fabaceae,Tree,,,,,perennial,,,,evergreen,,,,,,,,,,,,,,,,cartilhaliberdadeevida
inga-preto,,Inga_thibaudiana,ingthi,Fabaceae,Tree,,,,,perennial,,,,,,,,,,,,,,,,,,,,agroflorestaecologiaesociedade
inhutinga,cuvitinga,Solanum_pseudoquina,solpse,Solanaceae,Tree,,,,,perennial,,,,,,,,,,,,,,,,,,,,
jacaranda-marmelo,,Dalbergia_brasiliensis,dalbra,Fabaceae,Tree,,,,,perennial,,,,,,,,,,,,,,,,,,,,
jacatauva,,Citharexylum_myrianthum,citmyr,Verbenaceae,Tree,,,,,perennial,,,,,,,,,,,,,,,,,,,,
lacre,,Vismia_sp,vissp.,Hypericaceae,Tree,,,,,perennial,,,,evergreen,,,,,,,,,,,,,,,,
leiteiro,,Sapium_glandulosum,sapgla,Euphorbiaceae,Tree,,,,,perennial,,,,,,,,,,,,,,,,,,,,agroflorestaecologiaesociedade
licurana,,Hieronyma_alchorneoides,hiealc,Phyllantaceae,Tree,,,,,perennial,,,,,,,,,,,,,,,,,,,,agroflorestaecologiaesociedade
louro-tabaco,,Cordia_trichoclada,,Boraginaceae,Tree,,,,,perennial,,,,evergreen,20.0,,,,,,,af,lc,alien,,,,,,
maria-mole,baguacu,Magnolia_ovata,magova,Magnoliaceae,Tree,15.0,20.0,,,perennial,20.0,20.0,,,,,,,,,,,,,,,,,,agroflorestaecologiaesociedade
marmelada,,Alibertia_edulis,aliedu,Rubiaceae,Tree,,,,,perennial,,,,evergreen,,,,,,,,,,,,,,,,agricultoresquecultivamárvores
marmelo-bravo,,Erythroxylum_deciduum,erydec,Euphorbiaceae,Tree,,,,,perennial,,,,,,,,,,,,,,,,,,,,hortas.info/
miguel-pintado,,Matayba_elaeagnoides,matela,Sapoteceae,Tree,,,,,perennial,,,,,,,,,,,,,,,,,,,,agricultoresquecultivamárvores
minhoqueiro,,Alchornea_glandulosa,alcgla,Euphorbiaceae,Tree,,,,,perennial,,,,,,,,,,,,,,,,,,,,agroflorestaecologiaesociedade
moringa,,Moringa_oleifera,morole,Moringaceae,Tree,,,,,perennial,,,,evergreen,,,,,,,,,,,,,,,,agroflorestaecologiaesociedade
murici-de-porco,,Byrsonima_spp,,Malpighiaceae,Tree,,,,,perennial,,,,evergreen,,,,,,,,,,,,,,,,cartilhaliberdadeevida
nim,,Azadirachta_indica,azaind,Meliaceae,Tree,,,,,perennial,,,,evergreen,,,,,,,,,,,,,,,,agroflorestaecologiaesociedade
orelha-de-burro,,Clusia_criuva,Clucri,Clusiaceae,Tree,,,,,perennial,,,,,,,,,,,,,,,,,,,,cartilhasafipoema
pau-andrade,,Persea_willdenovii ,Perwill,Lauraceae,Tree,,,,,perennial,,,,,,,,,,,,,,,,,,,,agroflorestaecologiaesociedade
pau-de-tenente,,Picrasma_crenata,Piccre,Simaroubaceae,Tree,,,,,perennial,,,,,,,,,,,,,,,,,,,,hortas.info/
pessegueiro-bravo,,Prunus_myrtifolia,Prumyr,Rosaceae,Tree,,,,,perennial,,,,,,,,,,,,,,,,,,,,agroflorestaecologiaesociedade
pimenta-de-sabia,pimentinha,Xylopia_brasiliensis,Xylbra,Annonaceae,Tree,,,,,perennial,,,,,30.0,,,,,,,,,,,,,,,agricultoresquecultivamárvores
pinheiro-bravo,,Podocarpus_lambertii,podlam,Podocarpaceae,Tree,,,,,perennial,,,,,,,,,,,,,,,,,,,,
ponca,,Citrus_x_sinensis,citsin,Rutaceae,Tree,,,,,perennial,,,,,,,,,,,,,,,,,,,,agroflorestar.com;agroflorestaecologiaesociedade;_https://ainfo.cnptia.embrapa.br/digital/bitstream/item/112716/1/Cultivo-de-Fruteiras-em-Sistemas-Agroflorestais.pdf
quina-branca,,Strychnos_pseudoquina,strpse,Loganiaceae,Tree,,,,,perennial,,,,,,,,,,,,,,,,,,,,agroflorestaecologiaesociedade
rabo-de-bugio,,Lonchocarpus_campestris,loncam,Fabaceae,Tree,,,,,perennial,,,,,,,,,,,,,,,,,,,,agroflorestaecologiaesociedade
saboneteiro,,Dombeya_wallichii,domwal,Malvaceae,Tree,,,,,perennial,,,,,,,,,,,,,,,,,,,,agroflorestar.com
sangueiro,,Pterocarpus_rohrii,pteroh,Fabaceae,Tree,,,,,perennial,,,,,,,,,,,,,,,,,,,,hortas.info/
sapoti,,Manilkara_zapota,manzap,Sapoteceae,Tree,,,,,perennial,,,,,,,,,,,,,,,,,,,,hortas.info/
tamanqueira,sapateira,Aegiphila_integrifolia,aegint,Lamiaceae,Tree,,,,,perennial,,,,,,,,,,,,,,,,,,,,hortas.info/
taruma,,Vitex_megapotamica,vitmeg,Lamiaceae,Tree,,,,,perennial,,,,,,,,,,,,,,,,,,,,hortas.info/
tauva,,Maclura_tinctoria,mactin,Moraceae,Tree,,,,,perennial,,,,,,,,,,,,,,,,,,,,cartilhaliberdadeevida
timbo,,Ateleia_glazioveana,ategla,Fabaceae,Tree,,,,,perennial,,,,,,,,,,,,,,,,,,,,agroflorestar.com
uva-do-japao,,Hovenia_dulcis,hovdul,Rhamnaceae,Tree,12.0,,,,perennial,,,2.0,,,,bom,,,,,,,,,,,,,agricultoresquecultivamárvores
cana-de-acucar,,Saccharum_officinarum,sacoff,Poaceae,Herb,0.833,1.25,8.0,,perennial,10.0,10.0,,evergreen,,secundaria2,,,,,,,,,,,1x0.08,,,agroflorestaaprendendoaproduzircomanatureza
milho,,Zea_mays,zeamay,Poaceae,Herb,0.25,0.333,8.0,,annual,0.5,0.5,,annual,,placenta2,,,,,,,,,,,1x1,,,
milho-verde,,Zea_mays,zeamay,Poaceae,Herb,0.222,0.25,8.0,,annual,0.5,0.5,,annual,,placenta2,,,,,,,,,,,1x1,,,hortas.info/
embauba-prateada,,Cecropia_hololeuca,,,,6.0,,8.0,,perennial,,,,evergreen,12.0,,,timber,fruit,,,,,,,,,,,agroflorestaecologiaesociedade
ipe-amarelo-miudo,,Handroanthus_chrysotrichus,,Bignoniaceae,,,,8.0,,perennial,,,,deciduous,35.0,,,timber,ink,,,,,,,,,,,
ipe-roseo,,Handroanthus_impetiginosus,,Bignoniaceae,,,,8.0,,perennial,,,,deciduous,50.0,,,timber,medicine,,,,,,,,,,,
mandiocao,,,,,,,,8.0,,perennial,50.0,50.0,,evergreen,,,,,,,,,,,,,,,,
tucaneira,taruma,Citharexylum_myrianthum,,Verbenaceae,,3.0,4.0,8.0,,perennial,,,,deciduous,25.0,,,fruit,timber,,,,,,,,,,,
babacu,,Attalea_speciosa,attspr,Arecaceae,Palm,12.0,20.0,8.0,,perennial,,,,evergreen,,,,,,,,,,,,,,,,.
buriti,,Mauritia_flexuosa,maufle,Arecaceae,Palm,12.0,20.0,8.0,,perennial,55.0,55.0,,evergreen,,,,,,,,,,,,,,,,.
coco,,Cocos_nucifera,cocnuc,Arecaceae,Palm,3.5,7.0,8.0,,perennial,30.0,55.0,,evergreen,25.0,primarias,,fruit,,,,,,,,,9x9,,,cartilhasafipoema
gueroba,,Syagrus_oleracea,syaole,Arecaceae,Palm,3.0,6.0,8.0,,perennial,,,,evergreen,,,,,,,,,,,,,,,,agroflorestaecologiaesociedade
macauba,,Acrocomia_aculeata,acracu,Arecaceae,Palm,6.0,12.0,8.0,,perennial,,,,,,,,,,,,,,,,,,,,agroflorestar.com
crotalaria,,Crotalaria_juncea,crojun,Fabaceae,Shrub,0.125,,8.0,,annual,,,,annual,,placenta1,,,,,,,,,,,0.10,,,cartilhasafipoema
mamona,,Ricinus_communis,riccom,Euphorbiaceae,Shrub,0.333,,8.0,,perennial,3.0,3.0,,semi.evergreen,,placenta1e2,trazmaiscaparaasuperficie,trazmaiscaparaasuperfície,,,,,,,,,3x2,,,agricultoresquecultivamárvores
acoita-cavalo,,Luehea_divaricata,luediv,Malvaceae,Tree,9.0,,8.0,,perennial,50.0,50.0,,deciduous,30.0,secundaria1,,,,,,,,,,,,,,.
algodoi,,Cochlospermum_orinocense,cocori,Bixaceae,Tree,,,8.0,,perennial,20.0,,,deciduous,12.0,pioneira,,fuel,,melittophily,anemochory,am,,alien,recobrimento,,,,,.
andiroba,,Carapa_guianensis,cargui,Meliaceae,Tree,20.0,,8.0,,perennial,55.0,,4.0,,20.0,climax,excelente,timber,,,,,,,,,3X4,,,hortas.info/
angelim,,Andira_fraxinifolia,andfra,Fabaceae,Tree,30.0,,8.0,,perennial,,,,evergreen,,secundaria3,,,,,,,,,,,,,,cartilhaliberdadeevida
angico,,Anadenanthera_colubrina,anacol,Fabaceae,Tree,5.0,20.0,8.0,,perennial,25.0,55.0,,evergreen,25.0,,,timber,,melittophily,autochory,af,,alien,,,,,,agroflorestaecologiaesociedade
angico-vermelho,,Parapiptadenia_rigida,,Fabaceae,Tree,2.0,12.0,8.0,,perennial,12.0,,,semi.evergreen,35.0,pioneira,,timber,fodder,melittophily,autochory,af,,native,,,3x0.7,,,
araucaria,,Araucaria_angustifolia,araang,Araucariaceae,Tree,10.0,20.0,8.0,,perennial,,,,evergreen,50.0,,,fruit,timber,,,,,,,,,,,
bacuri,,Platonia_insignis,plamar,Clusiaceae,Tree,20.0,30.0,8.0,,perennial,,,,evergreen,,,,,,,,,,,,,,,,
caju,,Anacardium_occidentale,anaocc,Anacardiaceae,Tree,2.0,,8.0,,perennial,55.0,55.0,,evergreen,,primarias,,,,,,,,,,,10x8,,,agroflorestaaprendendoaproduzircomanatureza
castanha-do-para,castanha-da-amazonia,Bertholletia_excelsa,berexc,Lecythidaceae,Tree,30.0,,8.0,,perennial,100.0,,10.0,,50.0,climax,excelente,fruit,,,,,,,,,10x10,,,.
castanha-portuguesa,,Castanea_sativa,cassat,Fabaceae,Tree,30.0,,8.0,,perennial,,,,,,,,,,,,,,,,,,,,hortas.info/
cedro-australiano,,Toona_ciliata,toncil,Meliaceae,Tree,12.0,,8.0,,perennial,,,4.0,,,secundariatardia,muitobom,,,,,,,,,,,,,cartilhasafipoema
chicha,,Sterculia_sp,stesp,Malvaceae,Tree,20.0,30.0,8.0,,perennial,,,,,,,,,,,,,,,,,,,,hortas.info/
cinamomo,,Cinnamomum_verum,cinver,Lauraceae,Tree,12.0,,8.0,,perennial,,,2.0,,,secundariamedia,bom,,,,,,,,,,,,,manualbásicoematermg
embauba,,Cecropia_glaziovii,cecgla,Urticaceae,Tree,,,8.0,,perennial,50.0,50.0,,evergreen,,,,,,,,,,,,,,,,agendagotsch.com;_https://ainfo.cnptia.embrapa.br/digital/bitstream/item/112716/1/Cultivo-de-Fruteiras-em-Sistemas-Agroflorestais.pdf
eucalipto,,Eucalyptus_spp,eucspp,Myrtaceae,Tree,3.0,15.0,8.0,,perennial,,,1.5,evergreen,,secundario2e3,medio,,,,,,,,,,1.5x10,1muda,,.
guapuruvu,,Schizolobium_parahyba,schpar,Fabaceae,Tree,5.0,8.0,8.0,,perennial,15.0,50.0,,semi.evergreen,25.0,,,timber,seed,,,,,,,,,,,agricultoresquecultivamárvores
jatoba,,Hymenaea_courbaril,hymcou,Fabaceae,Tree,20.0,,8.0,,perennial,55.0,55.0,8.0,evergreen,35.0,climax,excelente,fruit,timber,,,,,,,,,,,agroflorestaecologiaesociedade
jequitiba,,Cariniana_domestica,cardom,Lecythidaceae,Tree,20.0,,8.0,,perennial,55.0,55.0,10.0,evergreen,,climax,excelente,,,,,,,,,,,,,cartilhaliberdadeevida
mamao,,Carica_papaya,carpap,Caricaceae,Tree,0.75,1.0,8.0,,perennial,3.0,10.0,,evergreen,5.0,secundaria1e2,,fruit,,,,,,,,,3.5x2,,,hortas.info/
mogno,,Swietenia_macrophylla,swimac,Meliaceae,Tree,12.0,20.0,8.0,,perennial,,,,evergreen,,,,,,,,,,,,,,,,cartilhaliberdadeevida
mogno-africano,,Khaya_grandifoliola,khagra,Meliaceae,Tree,20.0,,8.0,,perennial,,,4.0,evergreen,,climax,excelente,,,,,,,,,,,,,
pau-dalho,,Gallesia_integrifolia,Galint,Phytolaccaceae,Tree,,,8.0,,perennial,55.0,55.0,,evergreen,,,,,,,,,,,,,,,,cartilhaliberdadeevida
peroba-rosa,,Aspidosperma_polyneuron,asppol,Apocynaceae,Tree,20.0,,8.0,,perennial,55.0,55.0,,evergreen,,climax,excelente,,,,,,,,,,,,,hortas.info/
sangra-dagua,,Croton_urucurana,crouru,Euphorbiaceae,Tree,,,8.0,,perennial,10.0,10.0,,evergreen,15.0,,,medicine,,,,,,,,,,,,agroflorestaecologiaesociedade
santa-barbara,,Melia_azedarach,melaze,Meliaceae,Tree,1.0,10.0,8.0,,perennial,,,,,,secundario1,,,,,,,,,,,1.2x1.5,1,,hortas.info/
tamboril,,Enterolobium_contortisiliquum,entcont,Fabaceae,Tree,,,8.0,,perennial,55.0,55.0,,evergreen,,,,,,,,,,,,,,,,agroflorestaecologiaesociedade
teca,,Tectona_grandis,tecgra,Lamiaceae,Tree,20.0,30.0,8.0,,perennial,,,,evergreen,,secundaria3,,,,,,,,,,,,,,agroflorestaecologiaesociedade
baunilha,,Vanilla_planifolia,vanpla,Orquidaceae,Climber,3.0,5.0,7.0,,perennial,,,,,,,,,,,,,,,,,,,,agroflorestaecologiaesociedade
banana-da-terra,,Musa_paradisiaca_var_terra,musparter,Musaceae,Herb,1.167,,7.0,,perennial,3.0,3.0,,semi.evergreen,,secundaria1,enriquececommoezn,fruit,biomass,,,,,,,,3x3,,,hortas.info/
couve,,Brassica_oleracea,braole,Brassicaceae,Herb,0.222,0.25,7.0,,biennial,2.0,3.0,,semi.evergreen,,placenta1e2,,,,,,,,,,,0.8x0.5,,,hortas.info/
gergelim,,Sesamum_indicum,sesind,Pedaliaceae,Herb,0.25,0.305,7.0,,annual,0.5,0.5,,annual,,placenta1e2,,,,,,,,,,,1x0.2,,,agroflorestaecologiaesociedade
girassol,,Helianthus_annuus,helann,Asteraceae,Herb,0.194,0.361,7.0,,annual,0.5,0.5,,annual,,placenta1e2,,,,,,,,,,,1x0.5,,,agroflorestar.com
repolho,,Brassica_oleracea,braole,Brassicaceae,Herb,0.111,0.167,7.0,,annual,0.167,,,,,placenta1,,,,,,,,,,,,,,cartilhaliberdadeevida
cassia-imperial,chuva-de-ouro,Cassia_fistula,,Fabaceae,,,,7.0,,perennial,,,,deciduous,12.0,,,fodder,medicine,,,,,,,,,,,hortas.info/
ipe-da-serra,,Handroanthus_albus,,Bignoniaceae,,,,7.0,,perennial,,,,deciduous,30.0,,,timber,flower,,,,,,,,,,,agroflorestaecologiaesociedade
pupunha,,Bactris_gasipaes,bacgas,Arecaceae,Palm,1.5,4.0,7.0,,perennial,12.0,50.0,,evergreen,15.0,secundaria3,,palmheart,fruit,,,,,,,,6x6,,,hortas.info/
quiabo,,Abelmoschus_esculentus,abeesc,Malvaceae,Shrub,0.167,0.222,7.0,,annual,0.5,0.5,,annual,2.0,placenta2,,,,,,,,,,,1x0.5,,,agendagotsch.com
acacia-mangium,,Acacia_mangium,acaman,Fabaceae,Tree,3.0,6.0,7.0,,perennial,,,,,30.0,secundario1,,timber,,,,,ne,alien,,,2.5x2.5,seedling,,cartilhaliberdadeevida
albiza,,Falcataria_moluccana,falmol,Fabaceae,Tree,10.0,15.0,7.0,,perennial,15.0,,1.0,deciduous,40.0,,timber,timber,fodder,phalenophily,,,,,,,,,,cartilhaliberdadeevida
aroeira,,Myracrodruon_urundeuva_allemao,myrall,Anacardiaceae,Tree,30.0,,7.0,,perennial,55.0,55.0,10.0,evergreen,,,excelente,,,,,,,,,,,,,
branquilho,,Gymnanthes_klotzschiana,,Euphorbiaceae,Tree,,,7.0,,perennial,,,,deciduous,15.0,,,timber,medicine,,,af,ne,native,,,,,,cartilhasafipoema
caja-manga,,Spondias_dulcis,spodul,Anacardiaceae,Tree,5.0,,7.0,,perennial,55.0,55.0,,evergreen,,secundaria2e3,,,,,,,,,,,10x12,,,.
cedro,,Cedrela_fissilis,cedfis,Meliaceae,Tree,12.0,20.0,7.0,,perennial,55.0,55.0,,evergreen,40.0,secundaria2e3,,timber,,,,,,,,,,,,
copaiba,,Copaifera_langsdorffii,coplan,Fabaceae,Tree,3.0,6.0,7.0,,perennial,55.0,55.0,,evergreen,,secundario2e3,,oil,timber,,,,,,,,,,,
grandiuva,,Trema_micrantha,tremic,Cannabaceae,Tree,,,7.0,,perennial,,,6.0,semi.evergreen,20.0,,,timber,fodder,,,,,,,,,,,agendagotsch.com
ipe,pau-darco,Handroanthus_impetiginosus,hanimp,Bignoniaceae,Tree,30.0,,7.0,,perennial,55.0,55.0,,evergreen,,secundaria3,,,,,,,,,,,,,,agricultoresquecultivamárvores
ipe-amarelo,,Handroanthus_chrysotrichus,hanchr,Bignoniaceae,Tree,25.0,,7.0,,perennial,55.0,55.0,8.0,evergreen,,climax,excelente,,,,,,,,,,,,,hortas.info/
ipe-branco,,Tabebuia_roseoalba,tabros,Bignoniaceae,Tree,30.0,,7.0,,perennial,55.0,55.0,,evergreen,,secundaria3,,,,,,,,,,,,,,.
ipe-rosa,,Handroanthus_ipetiginosus,honimp,Bignoniaceae,Tree,18.0,,7.0,,perennial,55.0,55.0,6.0,evergreen,,climax,excelente,,,,,,,,,,,,,hortas.info/
ipe-roxo,,Handroanthus_heptaphyllus,honhep,Bignoniaceae,Tree,18.0,,7.0,,perennial,55.0,55.0,6.0,evergreen,,climax,excelente,,,,,,,,,,,,,cartilhaliberdadeevida
louro,,Cordia_trichotoma,cortri,Boraginaceae,Tree,,,7.0,,perennial,,,,deciduous,35.0,,,timber,,,,,,,,,,,,agendagotsch.com
mamica-de-cadela,,Zanthoxylum_rhoifolium,zanrho,Rutaceae,Tree,,,7.0,,perennial,,,,semi.evergreen,23.0,,,timber,oil,,,,,,,,,,,agendagotsch.com
mutamba,condeiro-bravo;mutambo,Guazuma_ulmifolia,guaulm,Malvaceae,Tree,,,7.0,,perennial,50.0,50.0,2.0,evergreen,,secundariamedia,so.mo,,,,,,,,,,,,,simbioseagroflorestal
pau-jacare,,Piptadenia_gonoacantha,Pipgon,Fabaceae,Tree,15.0,,7.0,,perennial,,,,semi.evergreen,30.0,,,timber,,,,,,,,,,,,
sombreiro,fava-d'agua,Clitoria_fairchildiana,clifai,Fabaceae,Tree,,,7.0,,perennial,,,2.0,evergreen,,secundariamedia,so.mo,,,,,,,,,,0.6x1.5,1,,
taboca,,Bambusa_sp,bamsp,Poaceae,Bamboo,,,6.0,,perennial,55.0,55.0,,evergreen,,,,,,,,,,,,,,,,.
bucha,,Luffa_cylindrica,lufaeg,Cucurbitaceae,Climber,0.417,1.0,6.0,,annual,1.0,,,,1.8,,,dryfruit,fruit,,,,,,,,,,,cartilhaliberdadeevida
cara,,Dioscorea_alata,dioala,Dioscoreaceae,Climber,0.417,1.0,6.0,,,1.0,,,,,placenta2,,,,,,,,,,,,,,.
chuchu,,Sechium_edule,secedu,Curcubitaceae,Climber,0.278,0.333,6.0,,perennial,3.0,3.0,,semi.evergreen,,secundario1,,,,,,,,,,,4,,,
ervilha,,Pisum_sativum,pissat,Fabaceae,Climber,0.167,0.194,6.0,,annual,0.5,0.5,,annual,,,,,,,,,,,,,,,,agroflorestaecologiaesociedade
kiwi,,Actinidia_deliciosa,actdel,Actinidiaceae,Climber,6.0,12.0,6.0,,perennial,,,,,,,,,,,,,,,,,,,,cartilhaliberdadeevida
maracuja,,Passiflora_edulis,pasedu,Passifloraceae,Climber,0.5,0.75,6.0,,perennial,3.0,10.0,,deciduous,,placenta3,,fruit,,,,,,,,,2.5x5,1,,cartilhaliberdadeevida
mucuna,,Mucuna_pruriens,mucpru,Fabaceae,Climber,0.25,,6.0,,annual,,,,annual,,,,,,,,,,,,,,,,hortas.info/
amaranto,,Amaranthus_spp,amaspp,Amaranthaceae,Herb,0.153,0.194,6.0,,annual,0.306,,,,,,folha,,,,,,,,,,,,,agroflorestaecologiaesociedade
amaranto,,Amaranthus_spp,amaspp,Amaranthaceae,Herb,0.25,0.278,6.0,,annual,0.278,,,,,,semente,,,,,,,,,,,,,agroflorestaecologiaesociedade
babosa,,Aloe_sp,alosp,Asparagaceae,Herb,,,6.0,,perennial,,,2.0,,,secundariamedia,so.mo,,,,,,,,,,,,,agroflorestaaprendendoaproduzircomanatureza
banana-angola,banana-maranhao,Musa_paradisiaca_var_angola,musparang,Musaceae,Herb,1.167,,6.0,,perennial,10.0,10.0,,evergreen,,secundaria2,enriquececommoezn,fruit,biomass,,,,,,,,3x2,,,cartilhaliberdadeevida
banana-maca,,Musa_paradisiaca_var_maca,musparmac,Musaceae,Herb,0.833,,6.0,,perennial,10.0,10.0,,evergreen,,secundaria2,enriquececommoezn,fruit,biomass,,,,,,,,3x2,,,agroflorestaecologiaesociedade
banana-nanicao,,Musa_paradisiaca_var_nanicao,musparnan,Musaceae,Herb,0.75,0.833,6.0,,perennial,10.0,10.0,,evergreen,,secundaria2,enriquececommoezn,fruit,biomass,,,,,,,,2x2,,,
banana-ourinho,,Musa_paradisiaca_var_ourinho,musparour,Musaceae,Herb,1.5,,6.0,,perennial,50.0,50.0,,evergreen,,secundaria2e3,,fruit,biomass,,,,,,,,3x2,,,cartilhaliberdadeevida
banana-pacova,,Musa_paradisiaca_var_pacova,musparpac,Musaceae,Herb,1.167,,6.0,,perennial,10.0,10.0,,evergreen,,secundaria2,enriquececommoezn,fruit,biomass,,,,,,,,3x3,,,hortas.info/
banana-prata,,Musa_paradisiaca_var_prata,musparpra,Musaceae,Herb,1.167,,6.0,,perennial,10.0,10.0,,evergreen,,secundaria2,enriquececommoezn,fruit,biomass,,,,,,,,3x3,,,cartilhaliberdadeevida;https://antigo.fundaj.gov.br/index.php/plantas-xerofilas/10234-gliricidia-gliricidia-sepium-2;https://www.embrapa.br/busca-de-noticias/-/noticia/75673738/leguminosa-gliricidia-e-excelente-opcao-em-sistemas-integrados-no-ne
brocolis,,Brassica_oleracea,braole,Brassicaceae,Herb,0.25,0.333,6.0,,annual,0.5,0.5,,annual,,placenta1,,,,,,,,,,,0.6x0.6,,,cartilhaliberdadeevida
capim-limao,,Cymbopogon_citratus,cymcit,Poaceae,Herb,0.25,0.333,6.0,,perennial,,,,evergreen,1.2,,,medicine,,,,,,,,,,,,agricultoresquecultivamárvores
cebolinha,,Allium_schoenoprasum,allsch,Liliaceae,Herb,0.208,0.25,6.0,,annual,0.25,0.25,,annual,,,,,,,,,,,,,,,,agroflorestaecologiaesociedade
cominho,,Cuminum_cyminum,cumcym,Apiaceae,Herb,0.25,0.333,6.0,,annual,0.333,,,,,,,,,,,,,,,,,,,cartilhaliberdadeevida
couve-chinesa,,Brassica_rapa,brarap,Brassicaceae,Herb,0.153,0.306,6.0,,annual,0.459,,,,,,,,,,,,,,,,,,,cartilhaliberdadeevida
milheto-perola,,Pennisetum_glaucum,pengla,Poaceae,Herb,0.25,0.333,6.0,,annual,0.333,,,,,,,,,,,,,,,,,,,
morango,,Fragaria_ananassa,fraana,Rosaceae,Herb,0.417,1.0,6.0,,perennial,,,,,,,,,,,,,,,,,,,,
sorgo,,Sorgum_bicolor,sorbic,Poaceae,Herb,0.25,0.25,6.0,,annual,0.25,,,,,,,,,,,,,,,,,,,
tomate,,Solanum_lycopersicum,sollyc,Solanaceae,Herb,0.222,0.333,6.0,,annual,0.5,0.5,,annual,,placenta2,,,,,,,,,,,1x0.5,,,
tomate-cereja,,Solanum_lycopersicum_var_cerasiforme,sollyccer,Solanaceae,Herb,0.25,0.417,6.0,,annual,0.417,,,,,,,,,,,,,,,,,,,
trigo,,Triticum_aestivum,triaes,Poaceae,Herb,0.333,0.333,6.0,,annual,0.333,,,,,,,,,,,,,,,,,,,
yacon,,Smallanthus_sonchifolius,smason,Asteraceae,Herb,0.417,1.0,6.0,,annual,1.0,,,,,,,,,,,,,,,,,,,
canela-branca,,Nectandra_lanceolata,,Lauraceae,,13.0,,6.0,,perennial,,,,evergreen,25.0,,,restoration,timber,,,,,,,,,,,agroflorestaecologiaesociedade
canela-da-China,,Cinnamomum_cassia,,,,,,6.0,,perennial,,,,evergreen,18.0,,,condiment,medicine,,,,,,,,,,,
canela-do-brejo,,Ocotea_pulchella ,,Lauraceae,,,,6.0,,perennial,,,,evergreen,30.0,,,restoration,timber,,,,,,,,,,,agroflorestaecologiaesociedade_https://ainfo.cnptia.embrapa.br/digital/bitstream/item/231708/1/Especies-Arboreas-Brasileiras-vol-1-Guapuruvu.pdf
canela-preta,,Ocotea_catharinensis,,Lauraceae,,,,6.0,,perennial,,,,evergreen,45.0,,,restoration,timber,,,,,,,,,,,agroflorestaecologiaesociedade
cortica-lisa,araticum-de-porco,Annona_rugulosa,,Annonaceae,,4.0,5.0,6.0,,perennial,,,,semi.evergreen,15.0,,,fruit,medicine,,,,,,,,,,,.
feijao-trepa-pau,,,,Fabaceae,,0.25,,6.0,,,,,,,,,,,,,,,,,,,,,,cartilhaliberdadeevida
guabiroba-sabor-maracuja,,Campomanesia_eugenioides,,Myrtaceae,,,,6.0,,perennial,,,,deciduous,7.0,,,fruit,timber,,,,,,,,,,,agroflorestaecologiaesociedade
guamirim-cereja,,Eugenia_florida,,Myrtaceae,,,,6.0,,perennial,,,,evergreen,9.0,,,fruit,timber,,,,,,,,,,,cartilhaliberdadeevida;https://ainfo.cnptia.embrapa.br/digital/bitstream/item/231757/1/especies-arboreas-brasileiras-vol-1-pau-marfim.pdf
imbuia,,Ocotea_porosa,,Lauraceae,,,,6.0,,perennial,,,,evergreen,30.0,,,timber,oil,,,,,,,,,,,agroflorestaecologiaesociedade
inga-de-macaco,inga-ferradura,Inga_sessilis,,Fabaceae,,5.0,,6.0,,perennial,,,,evergreen,25.0,,,fruit,timber,,,,,,,,,,,agricultoresquecultivamárvores
jucuruju,,Colubrina_glandulosa_var_reitzii  ,,,,,,6.0,,,,,,semi.evergreen,25.0,,,timber,,,,,,,,,,,,
marinheiro,,,,,,,,6.0,,perennial,55.0,55.0,,evergreen,,,,,,,,,,,,,,,,agroflorestaecologiaesociedade
pessego,,Prunus_persica,Pruper,Rosaceae,,3.0,,6.0,,perennial,55.0,55.0,,evergreen,,secundaria2e3,,,,,,,,,,,6x4,enxerto,,hortas.info/
sapota-branca,,Casimiroa_edulis,,,,8.0,,6.0,,perennial,,,,deciduous,15.0,,,fruit,leaf,,,,,,,,,,,cartilhaliberdadeevida
sapota-preta,,Diospyros_nigra,,,,5.0,,6.0,,perennial,,,,,12.0,,,fruit,timber,,,,,,,,,,,agricultoresquecultivamárvores
tapia-glandulosa,,Alchornea_glandulosa_var_iricurana,,,,,,6.0,,perennial,,,,evergreen,25.0,,,timber,medicine,,,,,,,,,,,agroflorestaecologiaesociedade
acai,,Euterpe_oleracea,eutole,Arecaceae,Palm,4.0,12.0,6.0,,perennial,40.0,,,,15.0,secundario2,,fruit,,,,,,,,,1.2x1.5,seedling,,
butia-da-serra,,Butia_eriospatha,,Arecaceae,Palm,6.0,10.0,6.0,,perennial,,,,evergreen,7.0,,,fruit,art,melitophily,ornitochory,af,en,native,,,,,,agricultoresquecultivamárvores
guariroba,,Syagrus_oleracea,syaole,Aeaceae,Palm,1.0,3.0,6.0,,perennial,,,,,,,,,,,,,,,,,,,,agricultoresquecultivamárvores
indaia,,Attalea_dubia,atadub,Arecaceae,Palm,,,6.0,,perennial,55.0,55.0,,evergreen,,,,,,,,,,,,,,,,cartilhaliberdadeevida
jeriva,,Syagrus_romanzoffiana,syarom,Arecaceae,Palm,5.0,6.0,6.0,,perennial,55.0,55.0,,evergreen,30.0,,,fruit,timber,,,,,,,,,,,cartilhaliberdadeevida
algodao,,Gossypium_spp,gosspp,Malvaceae,Shrub,1.5,,6.0,,,,,,,,,,,,,,,,,,,,,,
berinjela,,Solanum_melongena,solmel,Solanaceae,Shrub,0.278,0.6,6.0,,perennial,2.0,,,,,,,,,,,,,,,,,,,
cagaita,,Eugenia_dysenterica,eugdys,Myrtaceae,Shrub,12.0,20.0,6.0,,perennial,,,,,,,,,,,,,,,,,,,,
feijao-guandu,andu,Cajanus_cajan,cajcaj,Fabaceae,Shrub,0.417,1.0,6.0,,perennial,3.0,,,evergreen,3.5,,,seed,fodder,,,,,,,,,,,agroflorestaecologiaesociedade
jurubeba,,Solanum_paniculatum,solpan,Solanaceae,Shrub,0.333,0.5,6.0,,perennial,10.0,10.0,,evergreen,,,,,,,,,,,,,,,,
mandioca,,Manihot_esculenta,manesc,Euphorbiaceae,Shrub,1.0,1.5,6.0,,perennial,3.0,3.0,,semi.evergreen,3.0,placenta1e2,,root,,,,,,,,,0.6x1.5,1manivaforte,,cartilhaliberdadeevida
margaridao,flor-da-amazonia,Tithonia_diversifolia,titdiv,Asteraceae,Shrub,0.166,0.25,6.0,,perennial,,,,,,placenta1e2,trazkparaasuperficie,trazKparaasuperfície,,,,,,,,,0.6x1.5,1estacade50cm(viradasalternadas),,agroflorestaecologiaesociedade
pimenta-dedo-de-moca,,Capsicum_baccatum_var_pendulum,capbacpen,Solanaceae,Shrub,0.278,0.333,6.0,,perennial,,,,,,,,,,,,,,,,,,,,agroflorestaaprendendoaproduzircomanatureza
pimenta-de-macaco,,Xylopia_aromatica,xylaro,Annonaceae,Shrub,1.0,3.0,6.0,,perennial,50.0,50.0,,evergreen,,,,,,,,,,,,,,,,agroflorestaecologiaesociedade
vinagreira,,Hibiscus_sabdariffa,hibsab,Malvaceae,Shrub,0.333,0.333,6.0,,perennial,,,,,,,,,,,,,,,,,,,,cartilhaliberdadeevida
arruda,,Ruta_graveolens,rutgra,Rutaceae,Subshrub,0.25,0.33,6.0,,perennial,10.0,,,,,,,,,,,,,,,,,,,agroflorestar.com
manjericao,,Ocimum_basilicum,ocibas,Lamiaceae,Subshrub,0.167,1.0,6.0,,perennial,,,,evergreen,0.6,,,leaf,oil,,,,,,,,,,,
abiu,,Pouteria_caimito,poucai,Salicaceae,Tree,4.0,8.0,6.0,,perennial,55.0,55.0,,evergreen,10.0,secundaria2e3,fruit,fruit,seed,melittophily,zoochory,am_ce_af,ne,native,,,10x8,,,
alexeiro,,Pera_glabrata,pergla,Peraceae,Tree,,,6.0,,perennial,100.0,,,evergreen,9.0,pioneira,,restoration,timber,melittophily,zoochory,af,,native,diversidade,,,,,agroflorestaecologiaesociedade
amburana,,,,,Tree,,,6.0,,perennial,55.0,55.0,,evergreen,,,,,,,,,,,,,,,,agroflorestaecologiaesociedade
ameixa-vermelha,,Prunus_domestica,prudom,Rosaceae,Tree,7.0,,6.0,,perennial,55.0,55.0,,evergreen,,secundaria2e3,,,,,,,,,,,6x5,,,
amora-branca,,Rubus_brasiliensis,rubbra,Rosaceae,Tree,3.0,6.0,6.0,,perennial,50.0,50.0,,evergreen,,,,,,,,,,,,,,,,agroflorestar.com
amora-fruta,,Morus_nigra,mornig,Moraceae,Tree,3.0,6.0,6.0,,perennial,50.0,50.0,,evergreen,,,fruta,fruit,biomass,,,,,,,,,,,agroflorestar.com
amora-preta,,Rubus_urticifolius,ruburt,Rosaceae,Tree,3.0,6.0,6.0,,perennial,50.0,50.0,,evergreen,,,,,,,,,,,,,,,,
araca-piranga,sapiranga,Eugenia_multicostata,,Myrtaceae,Tree,,,6.0,,perennial,,,,evergreen,25.0,,,fruit,timber,melittophily,zoochory,,,,,,,,,agroflorestaecologiaesociedade
arariba,,Centrolobium_tomentosum,centom,Fabaceae,Tree,15.0,,6.0,,perennial,,,8.0,,,climax,excelente,,,,,,,,,,,,,cartilhaliberdadeevida
araticum,,Annona_montana,annmon,Annonaceae,Tree,12.0,20.0,6.0,,perennial,,,,,,,,,,,,,,,,,,,,cartilhasafipoema
aroeira-pimenteira,,Schinus_terebinthifolius,,Anacardiaceae,Tree,1.0,,6.0,,perennial,,,,evergreen,15.0,,,seed,fodder,,,,,,,,,,,agroflorestaecologiaesociedade
baba-de-boi,,Cordia_superba,corsup,Boraginaceae,Tree,,,6.0,,perennial,55.0,55.0,,evergreen,,,,,,,,,,,,,,,,cartilhaliberdadeevida
bacupari,,Garcinia_gardneriana,gargar,Clusiaceae,Tree,6.0,12.0,6.0,,perennial,,,,,,,,,,,,,,,,,,,,agroflorestaecologiaesociedade
baru,,Dipteryx_alata,dipala,Fabaceae,Tree,25.0,,6.0,,perennial,55.0,55.0,10.0,evergreen,,climax,excelente,,,,,,,,,,,,,agroflorestaecologiaesociedade
cabreuva,,Myrocarpus_frondosus,myrfro,Fabaceae,Tree,,,6.0,,perennial,55.0,55.0,,evergreen,,,,,,,,,,,,,,,,agroflorestaecologiaesociedade
cafezeiro-do-mato,,Casearia_sylvestris,,Salicaceae,Tree,,,6.0,,perennial,,,,evergreen,20.0,,,fodder,,,,af,ne,native,,,,,,cartilhaliberdadeevida
caja,,Spondias_lutea,spomom,Anacardiaceae,Tree,5.0,,6.0,,perennial,40.0,55.0,,evergreen,25.0,secundaria2e3,,fruit,timber,,,,,,,,10x12,,,cartilhaliberdadeevida
calabura,,Muntingia_calabura,muncal,Muntingiaceae,Tree,,,6.0,,perennial,50.0,50.0,,evergreen,,,,,,,,,,,,,,,,hortas.info/
canafistula,,Peltophorum_dubium,peldub,Fabaceae,Tree,,,6.0,,perennial,55.0,55.0,,evergreen,,,,,,,,,,,,,,,,agroflorestar.com
canela,,Ocotea_puberula,ocopub,Lauraceae,Tree,,,6.0,,perennial,55.0,55.0,,evergreen,,,,,,,,,,,,,,,,agendagotsch.com;https://app.cultivarbrasil.com/o-que-plantar-esse-mes/jaca-artocarpus-heterophyllus
caqui,,Diospyrus_kaki,dioKak,Ebenaceae,Tree,3.0,,6.0,,perennial,50.0,50.0,,evergreen,,secundaria1e2,,,,,,,,,,,7x6,,,agroflorestar.com
cereja,,Eugenia_involucrata,euginv,Myrtaceae,Tree,6.0,7.0,6.0,,perennial,,,,evergreen,15.0,,,fruit,timber,,,,,,,,,,,cartilhaliberdadeevida
dedaleiro,,Lafoensia_pacari,lafpac,Lythraceae,Tree,8.0,,6.0,,perennial,55.0,55.0,,evergreen,25.0,,,timber,,,,,,,,,,,,agroflorestar.com
embirucu,,Pseudobombax_randiflorum,pseran,Bombacaceae,Tree,,,6.0,,perennial,50.0,50.0,,evergreen,,,,,,,,,,,,,,,,cartilhaliberdadeevida
farinha-seca,,Albizia_niopoides,albnio,Fabaceae,Tree,,,6.0,,perennial,50.0,50.0,,evergreen,,,,,,,,,,,,,,,,hortas.info/
fedegozao,,Senna_macranthera,senmac,Fabaceae,Tree,1.5,,6.0,,perennial,,,,,,,,,,,,,,,,,,,,cartilhaliberdadeevida
figo,,Ficus_guaranitica,ficgua,Moraceae,Tree,3.0,,6.0,,perennial,55.0,55.0,,evergreen,,secundaria2e3,,,,,,,,,,,3x2,,,cartilhasafipoema
flamboyant,,Delonix_regia,delreg,Fabaceae,Tree,6.0,12.0,6.0,,perennial,,,,,,,,,,,,,,,,,,,,cartilhaliberdadeevida;https://www.mg.gov.br/agricultura/noticias/aprenda-cultivar-e-preparar-jurubeba-panc-com-propriedades-medicinais
fruta-pao,,Artocarpus_altilis,artalt,Moraceae,Tree,3.0,5.0,6.0,,perennial,55.0,55.0,,evergreen,,secundaria2e3,,,,,,,,,,,8x8,,,.
fumo-bravo,,Solanum_mauritianum,solmau,Solanaceae,Tree,,,6.0,,perennial,10.0,10.0,,evergreen,,,,,,,,,,,,,,,,hortas.info/
goiaba,,Psidium_guajava,psigua,Myrtaceae,Tree,3.0,,6.0,,perennial,50.0,50.0,,evergreen,6.0,secundaria2e3,,fruit,timber,,,,,,,,7x7,,,agricultoresquecultivamárvores
graviola,,Annona_muricata,annmur,Annonaceae,Tree,3.0,4.0,6.0,,perennial,50.0,50.0,,evergreen,,secundaria2e3,,,,,,,,,,,6x6,,,cartilhaliberdadeevida
guarita,,Astronium_graveolens,astgra,Anacardiaceae,Tree,,,6.0,,perennial,55.0,55.0,,evergreen,,,,,,,,,,,,,,,,cartilhasafipoema
inga,,Inga_capitata,ingcap,Fabaceae,Tree,2.0,,6.0,,perennial,10.0,10.0,,evergreen,,secundaria1e2,,,,,,,,,,,7x7,,,agroflorestaecologiaesociedade;https://design.jet.com.br/editoraufv/documentos/Citros%20do%20plantio%20%C3%A0%20colheita.pdf
inga-mirim,,Inga_sellowiana,ingsel,Fabaceae,Tree,,,6.0,,perennial,50.0,50.0,,evergreen,,,,,,,,,,,,,,,,hortas.info/
jaca,,Artocarpus_integrifolia,artint,Moraceae,Tree,6.0,,6.0,,perennial,55.0,55.0,,evergreen,,primarias,,,,,,,,,,,10x8,,,agroflorestaecologiaesociedade
jacaranda-mimoso,,Jacaranda_mimosifolia,jacmim,Bignoniaceae,Tree,,,6.0,,perennial,50.0,50.0,,evergreen,,,,,,,,,,,,,,,,agroflorestaecologiaesociedade
jambolao,,Syzygium_cumini,syzcum,Myrtaceae,Tree,,,6.0,,perennial,55.0,55.0,,evergreen,,,,,,,,,,,,,,,,hortas.info/
jambo-rosa,,Syzygium_jambos,syzjam,Myrtaceae,Tree,3.0,,6.0,,perennial,55.0,55.0,,evergreen,,secundaria2e3,,,,,,,,,,,12x12,,,cartilhaliberdadeevida
jamelao,jambolao,Syzygium_cumini,syzcum,Myrtaceae,Tree,,,6.0,,perennial,,,2.0,,,secundariamedia,so.mo.esenaopodarumano.fruta,,,,,,,,,,,,,agroflorestaecologiaesociedade
jenipapo,,Genipa_americana,gename,Rubiaceae,Tree,,,6.0,,perennial,55.0,55.0,,evergreen,,,,,,,,,,,,,,,,cartilhasafipoema
landi,,Calophyllum_brasiliense_cambess.,calcam,Calophyllaceae,Tree,,,6.0,,perennial,50.0,50.0,,evergreen,,,,,,,,,,,,,,,,cartilhaliberdadeevida
lichia,,Litchi_chinensis,litchi,Sapindaceae,Tree,4.0,10.0,6.0,,perennial,55.0,55.0,,evergreen,,secundaria1e2,,,,,,,,,,,10x10,,,
macadamia,,Macadamia_integrifolia,macint,Proteaceae,Tree,6.0,12.0,6.0,,perennial,,,,,,,,,,,,,,,,,,,,.
manga,,Mangifera_indica,manind,Anacardiaceae,Tree,3.0,,6.0,,perennial,55.0,55.0,,evergreen,,primarias,,,,,,,,,,,10x8,,,hortas.info/
mangaba,,Hancornia_speciosa,hanspe,Apocynaceae,Tree,5.0,6.0,6.0,,perennial,50.0,50.0,,evergreen,,secundaria2e3,,,,,,,,,,,6x4,,,
mirindibas,,Buchenavia_spp,bucspp,Combretaceae,Tree,,,6.0,,perennial,55.0,55.0,,evergreen,,,,,,,,,,,,,,,,.
nespera,,Eriobotrya_japonica,erijap,Rosaceae,Tree,2.0,3.0,6.0,,perennial,50.0,50.0,,evergreen,,secundaria2e3,,,,,,,,,,,8x6,enxerto,,.
noz-macadamica,,Macadamia_integrifolia,macint,Proteaceae,Tree,5.0,,6.0,,perennial,55.0,55.0,,evergreen,,secundaria2e3,,,,,,,,,,,8x5,,,agricultoresquecultivamárvores
noz-peca,,Carya_illinoinensis,carill,Juglandaceae,Tree,8.0,,6.0,,perennial,55.0,55.0,,evergreen,,secundaria2e3,,,,,,,,,,,10x10,,,agroflorestaecologiaesociedade
paineira,,Ceiba_speciosa,Ceispe,Malvaceae,Tree,,,6.0,,perennial,55.0,55.0,,evergreen,,,,,,,,,,,,,,,,cartilhaliberdadeevida;_https://ainfo.cnptia.embrapa.br/digital/bitstream/item/112716/1/Cultivo-de-Fruteiras-em-Sistemas-Agroflorestais.pdf
pata-de-vaca,,Bauhinia_ovata,Bauova,Fabaceae,Tree,,,6.0,,perennial,,,2.0,,,secundariamedia,so.mo,,,,,,,,,,,,,agroflorestaecologiaesociedade
pata-de-vaca-com-espinho,,Bauhinia_forficata,Baufor,Fabaceae,Tree,2.0,,6.0,,perennial,,,,deciduous,20.0,,,fodder,timber,,,,,,,,,,,cartilhaliberdadeevida
pau-ferro,,Libidibia_ferrea,Libfer,Fabaceae,Tree,,,6.0,,perennial,55.0,55.0,,evergreen,,,,,,,,,,,,,,,,agendagotsch.com
pau-viola,,Citharexylum_myrianthum,citmir,Verbenaceae,Tree,,,6.0,,perennial,50.0,50.0,,evergreen,,,,,,,,,,,,,,,,cartilhaliberdadeevida
peito-de-pombo,,Tapirira_guianensis,Tapgui,,Tree,,,6.0,,perennial,50.0,50.0,,evergreen,,,,,,,,,,,,,,,,agroflorestar.com;file:///D:/Downloads/72-202-PB%20(1).pdf
pequi,,Caryocar_brasiliense,carbra,Caryocaraceae,Tree,3.0,6.0,6.0,,perennial,,,,evergreen,,,,,,,,,,,,,,,,cartilhasafipoema
pera,,Pyrus_communis,Pyrcom,Rosaceae,Tree,4.0,,6.0,,perennial,55.0,55.0,,evergreen,,secundaria2e3,,,,,,,,,,,5x4,,,cartilhaliberdadeevida
pinha,,Annona_squamosa,annsqu,Annonaceae,Tree,2.0,,6.0,,perennial,50.0,50.0,,evergreen,,secundaria2e3,,,,,,,,,,,4x2,,,https://ainfo.cnptia.embrapa.br/digital/bitstream/item/161005/1/folder-mangarito.pdf
pitomba,,Talisia_esculenta,talesc,Sapindaceae,Tree,,,6.0,,perennial,55.0,55.0,,evergreen,,,,,,,,,,,,,,,,cartilhaliberdadeevida
pororoca,capororoca,Myrsine_coriacea,myrcor,Primulacaceae,Tree,,,6.0,,perennial,50.0,50.0,,evergreen,,,,,,,,,,,,,,,,hortas.info/
rambutan,,Nephelium_lappaceum,neplap,Sapindaceae,Tree,4.0,10.0,6.0,,perennial,55.0,55.0,,evergreen,,secundaria2e3,,,,,,,,,,,7x3,,,agroflorestar.com
sabia,,Mimosa_caesalpiniaefolia,mimcae,Fabaceae,Tree,1.0,3.0,6.0,,perennial,,,,evergreen,,,,,,,,,,,,,,,,agendagotsch.com;_https://ainfo.cnptia.embrapa.br/digital/bitstream/item/112716/1/Cultivo-de-Fruteiras-em-Sistemas-Agroflorestais.pdf
saguaraji-vermelho,,Colubrina_glandulosa_var_reitzii,colglorei,Rhamnaceae,Tree,35.0,40.0,6.0,,perennial,55.0,55.0,,evergreen,,,,,,,,,,,,,,,,agendagotsch.com;file:///D:/Downloads/2832-Texto%20do%20artigo-9303-9702-10-20151124.pdf
sapucaia,,Lecythis_pisonis,lecpis,Lecythidaceae,Tree,20.0,30.0,6.0,,perennial,55.0,55.0,,evergreen,,,,,,,,,,,,,,,,agroflorestaecologiaesociedade;https://www.colecionandofrutas.com.br/magnoliaovata.htm;https://ainfo.cnptia.embrapa.br/digital/bitstream/item/231667/1/Especies-Arboreas-Brasileiras-vol-1-Baguacu.pdf
seriguela,,Spondias_purpurea,spobras,Anacardiaceae,Tree,1.0,2.0,6.0,,perennial,50.0,50.0,,evergreen,,secundaria2e3,,,,,,,,,,,8x6,estaca,,cartilhaliberdadeevida
seringueira,,Hevea_brasiliensis,hevbra,Euphorbiaceae,Tree,8.0,,6.0,,perennial,55.0,55.0,,evergreen,,secundaria2e3,,,,,,,,,,,10x4,,,agricultoresquecultivamárvores
sucupira,,Pterodon_sp,ptesp,Fabaceae,Tree,30.0,,6.0,,perennial,,,,evergreen,,,,,,,,,,,,,,,,.
tamarindo,,Tamarindus_indica,tamind,Fabaceae,Tree,12.0,12.0,6.0,,perennial,55.0,55.0,,evergreen,25.0,primarias,,fruit,,,,,,,,,10x10,,,agroflorestaecologiaesociedade
tapia,,Alchornea_triplinervia,alctri,Euphorbiaceae,Tree,,,6.0,,perennial,,,,evergreen,30.0,,,timber,,,,,,,,,,,,romulo
tingui,,Magonia_pubescens,magpub,Sapindaceae,Tree,,,6.0,,perennial,55.0,55.0,,evergreen,,,,,,,,,,,,,,,,cartilhasafipoema
uvaia,,Eugenia_pyriformis,eugpyr,Myrtaceae,Tree,3.0,,6.0,,perennial,55.0,55.0,,evergreen,15.0,secundaria2e3,,fruit,timber,,,,,,,,5x4,,,cartilhaliberdadeevida
fava,,Vicia_faba,vicfab,Fabaceae,Climber,0.222,0.75,5.0,,annual,0.5,0.5,,annual,,placenta1e2,,,,,,,,,,,1x0.5,,,hortas.info/
feijao-de-corda,,Vigna_unguiculata,vigung,Fabaceae,Climber,0.25,0.417,5.0,,annual,0.417,,,,,,,,,,,,,,,,,,,agricultoresquecultivamárvores
andropogon,,Andropogon_gayanus,andKun,Poaceae,Herb,0.38,0.39,5.0,,perennial,,,,evergreen,3.0,,,,,,,,,,,,,,,agroflorestaecologiaesociedade
betioneira,,Urochloa_humidicola,urohum,Poaceae,Herb,,,5.0,,perennial,,,,evergreen,1.0,,,,,,,,,,,,,,,hortas.info/
cebola-do-egito,,Allium_×proliferum,all×pr,Liliaceae,Herb,1.5,,5.0,,perennial,,,,,,,,,,,,,,,,,,,,cartilhasafipoema
chicoria,,Cichorium_endivia,cicend,Asteraceae,Herb,0.139,0.278,5.0,,annual,0.417,,,,,placenta1,,,,,,,,,,,,,,cartilhasafipoema
coentro,,Coriandrum_sativum,corsat,Apiaceae,Herb,0.083,0.194,5.0,,annual,0.194,,,,,,,,,,,,,,,,,,,agroflorestaecologiaesociedade
couve-de-bruxelas,,Brassica_oleraceae_var_gemmifera,braolegem,Brassicaceae,Herb,0.25,0.389,5.0,,annual,0.639,,,,,,,,,,,,,,,,,,,
couve-flor,,Brassica_oleracea_var_botrytis,braolebot,Brassicaceae,Herb,0.25,0.278,5.0,,annual,0.25,0.25,,annual,,placenta1,,,,,,,,,,,0.6x0.8,,,hortas.info/
couve-rabano,,Brassica_oleracea_var_gongylodes,braolegon,Brassicaceae,Herb,0.111,0.18,5.0,,annual,0.18,,,,,,,,,,,,,,,,,,,cartilhaliberdadeevida
inhame,,Dioscorea_rotundata,diorot,Arecaceae,Herb,0.417,0.5,5.0,,annual,0.5,0.5,,annual,,placenta2,,,,,,,,,,,1.2x0.7,,,
pepino,,Cucumis_sativus,Cucsat,Curcubitaceae,Herb,0.125,0.222,5.0,3.0,annual,0.5,0.5,,annual,,placenta2,,,,,,,,,,,2x1,,,hortas.info/
corticeira,bituqueira,Erythrina_falcata,,Fabaceae,,,,5.0,,perennial,,,,deciduous,35.0,,,timber,medicine,,,,,,,,,,,agricultoresquecultivamárvores
guabiroba-crespa,,Campomanesia_reitziana,,Myrtaceae,,,,5.0,,perennial,,,,,,,,,,,,,,,,,,,,agroflorestar.com
guamirim-gembala,,Neomitranthes_gemballae,,,,,,5.0,,,,,,semi.evergreen,12.0,,,fruit,timber,,,,,,,,,,,agricultoresquecultivamárvores
inga-banana,,Inga_vera,,Fabaceae,,,,5.0,,perennial,,,,deciduous,25.0,,,fruit,,,,,,,,,,,,
inga-feijao,,Inga_marginata,,Fabaceae,,,,5.0,,perennial,,,,evergreen,20.0,,,fruit,biomass,,,,,,,,,,,.
ipe-do-brejo,,Handroanthus_umbellatus,,Bignoniaceae,,,,5.0,,perennial,,,,deciduous,15.0,,,timber,,,,,,,,,,,,
monguba,,Pachira_aquatica,,,,,,5.0,,perennial,,,,evergreen,14.0,,,timber,fruit,,,,,,,,,,,
pimentao,,Capsicum_annuum,Capann,Solanaceae,,0.233,0.311,5.0,,annual,0.25,0.25,,annual,,placenta1,,,,,,,,,,,0.5x0.5,,,agricultoresquecultivamárvores
jucara,,Euterpe_edulis,eutedu,Arecaceae,Palm,12.0,,5.0,,perennial,50.0,50.0,,evergreen,20.0,secundaria3,,fruit,palm,,,,,,,,2x1,,,
jilo,,Solanum_aethiopicum,solaet,Solanaceae,Shrub,0.222,0.278,5.0,,perennial,3.0,3.0,,semi.evergreen,,placenta1e2,,,,,,,,,,,1x1,,,agricultoresquecultivamárvores
pimenta-cambuci,,Capsicum_baccatum_var_pendulum,capbacpen,Solanaceae,Shrub,0.305,0.361,5.0,,perennial,,,,,,,,,,,,,,,,,,,,cartilhaliberdadeevida
urucum,colorau,Bixa_orellana,bixore,Bixaceae,Shrub,1.0,1.5,5.0,,perennial,30.0,10.0,,evergreen,6.0,secundaria2,,seed,timber,,,,,,,,4x4,,,agricultoresquecultivamárvores
alfavaca,,Ocimum_gratissimum,ocigra,Lamiaceae,Subshrub,0.25,1.0,5.0,,perennial,3.0,3.0,,semi.evergreen,,placenta1e2,,,,,,,,,,,0.5x0.3,,,agroflorestaecologiaesociedade;cartilhaliberdadeevida
abacateiro,,Persea_americana,perame,Lauraceae,Tree,3.0,,5.0,,perennial,10.0,10.0,,evergreen,12.0,secundaria1e2,fruit,fruit,,melittophily,zoochory,af,ne,alien,,,6x10,seedling,,agroflorestar.com
biriba,,Annona_mucosa,annmuc,Annonaceae,Tree,,,5.0,,perennial,,,,,,secundario2,,,,,,,,,,,0.6x3,1,,
caja-mirim,,Spondias_mombin,spomom,Anacardiaceae,Tree,15.0,,5.0,,perennial,,,3.0,,,sec.media/climax,,,,,,,,,,,6x6,1,,hortas.info/
camboata-da-folha-grande,,Cupania_oblongifolia,,Sapindaceae,Tree,,,5.0,,perennial,,,,evergreen,18.0,,,timber,,,,,,,,,,,,
gliricidia,,Gliricidia_sepium,glisep,Fabaceae,Tree,2.0,,5.0,,perennial,55.0,55.0,,evergreen,,,servemouraovivo,traznparaasuperfície,,,,,,,,,,porestaca,,cartilhaliberdadeevida
inga-de-metro,,Inga_edulis,INGedu,Fabaceae,Tree,2.0,,5.0,,perennial,,,,,28.0,,,fruit,timber,,,,,,,,,,,agricultoresquecultivamárvores
jabuticaba,,Plinia_cauliflora,plicau,Myrtaceae,Tree,4.0,8.0,5.0,,perennial,55.0,55.0,,evergreen,9.0,secundaria2e3,,fruit,timber,,,,,,,,6x6,,,cartilhaliberdadeevida
jacatirao,,Miconia_cinnamomifolia,miccin,Melastomataceae,Tree,,,5.0,,perennial,,,,evergreen,25.0,,,timber,,,,,,,,,,,,cartilhaliberdadeevida
jaqueira,,Artocarpus_heterophyllus,arthet,Moraceae,Tree,3.0,8.0,5.0,,perennial,,,,,,sistemadedisturbio,,,,,,,,,,,0.6x1.5,1,,hortas.info/; https://entresementes.pt/bulbos/835-oca-oxalis-tuberosa-planta-tuberculos.html
murici,,Byrsonima_sericea,byrser,Malpighiaceae,Tree,3.0,6.0,5.0,,perennial,50.0,50.0,,evergreen,,,,,,,,,,,,,,,,
pitanga,,Eugenia_uniflora,euguni,Myrtaceae,Tree,2.0,,5.0,,perennial,55.0,55.0,,evergreen,12.0,secundaria2e3,,fruit,timber,,,,,,,,4x5,,,agroflorestar.com
quaresmeira,,Pleroma_sellowianum,tibsel,Melastomataceae,Tree,,,5.0,,perennial,,,,evergreen,10.0,pioneira,,restoration,medicine,melittophily,anemochory,af,,native,,,,,,agroflorestaecologiaesociedade
roma,,Punica_granatum,pungra,Lythraceae,Tree,1.0,3.0,5.0,,perennial,55.0,55.0,,evergreen,,,,,,,,,,,,,,,,cartilhaliberdadeevida
jicama,,Pachyrhizus_erosus,pacero,Fabaceae,Climber,0.417,0.75,4.0,,perennial,0.75,,,,,,,,,,,,,,,,,,,hortas.info/
pimenta-do-reino,,Piper_nigrum,Pipnig,Piperaceae,Climber,3.0,5.0,4.0,,perennial,5.0,20.0,,,3.0,,,seed,,,,,,,,,2x2,,,agricultoresquecultivamárvores
abobrinha,,Cucurbita_pepo,cucpep,Cucurbitaceae,Herb,0.125,0.222,4.0,,annual,0.222,,,,,,,,,,,,,,,,,,,agroflorestaecologiaesociedade
acelga,,Beta_vulgaris_var_cicla,betvulcic,Amaranthaceae,Herb,0.166,0.236,4.0,,biennial,0.5,,,,,,,,,,,,,,,,,,,agroflorestaecologiaesociedade
aipo,,Apium_graveolens_var_dulce,apigradul,Apiaceae,Herb,0.208,0.417,4.0,,annual,0.417,,,,,,,,,,,,,,,,,,,agroflorestaecologiaesociedade
alface,,Lactuca_sativa,lacsat,Asteraceae,Herb,0.083,0.125,4.0,,annual,0.167,,,,,placenta1,,,,,,,,,,,,seedling,,agroflorestaecologiaesociedade
alho,,Allium_sativum,allsat,Amaryllidaceae,Herb,0.311,0.7,4.0,,annual,0.7,,,,,,,,,,,,,,,,,,,agroflorestaecologiaesociedade
alho-poro,,Allium_porrum,allpor,Amaryllidaceae,Herb,0.25,0.278,4.0,,annual,0.333,0.333,,annual,,,,,,,,,,,,,,,,cartilhaliberdadeevida
almeirao,,Cichorium_endivia,cicend,Asteraceae,Herb,0.222,0.278,4.0,,biennial,0.556,,,,,,,,,,,,,,,,,,,agroflorestaecologiaesociedade
arroz,,Oryza_sativa,orysat,Poaceae,Herb,0.333,,4.0,,annual,,,,annual,,,,,,,,,,,,,0.10,,,cartilhaliberdadeevida
arroz-3meses,,Oryza_sativa_var_3meses,orysat3,Poaceae,Herb,0.25,,4.0,,annual,,,,,,,,,,,,,,,,,,,,agroflorestaecologiaesociedade
bardana,,Arctium_lappa,arclap,Asteraceae,Herb,0.194,1.0,4.0,,biennial,1.0,,,,,,,,,,,,,,,,,,,
batata,,Solanum_tuberosum,soltub,Solanaceae,Herb,0.333,,4.0,,annual,,,,annual,,,,,,,,,,,,,,,,cartilhaliberdadeevida
beterraba,,Beta_vulgaris,betvul,Quenopodiaceae,Herb,0.194,0.25,4.0,,annual,0.333,0.333,,annual,0.6,,,root,leaf,,,,,,,,,,,cartilhaliberdadeevida
cebola,,Allium_cepa_var_cepa,allcepcep,Liliaceae,Herb,0.236,0.833,4.0,,annual,0.833,,,,,,,,,,,,,,,,,,,agroflorestaecologiaesociedade
heliconia,,Heliconia_farinosa,helfar,Heliconiaceae,Herb,1.0,,4.0,,perennial,,,,,,,,,,,,,,,,,,,,agroflorestaaprendendoaproduzircomanatureza
linhaca,,Linum_usitatissimum,linusi,Linaceae,Herb,0.333,,4.0,,annual,0.416,,,,0.8,,,,,,,,,,,,,,,agricultoresquecultivamárvores
mandioquinha-salsa,,Arracacia_xanthorrhiza,arrxan,Apiaceae,Herb,0.667,0.917,4.0,,annual,1.0,1.0,,,,,,,,,,,,,,,,,,cartilhaliberdadeevida
mangarito,,Xanthosoma_riedelianum,xanrie,Araceae,Herb,0.5,1.0,4.0,,perennial,,,,evergreen,,,,,,,,,,,,,,,,agroflorestar.com
nabo,,Brassica_rapa_var_rapa,braraprap,Brassicaceae,Herb,0.111,0.222,4.0,,annual,0.222,,,,,,,,,,,,,,,,,,,cartilhaliberdadeevida
nabo-forrageiro,,Raphanus_sativus,rapsat,Brassicaceae,Herb,0.25,,4.0,,annual,,,,,,,,,,,,,,,,,,,,agroflorestaecologiaesociedade
rabanete,,Raphanus_sativus,rapsat,Brassicaceae,Herb,0.069,0.194,4.0,,annual,0.194,,,,,placenta1,,,,,,,,,,,,,,romulo
rucula,,Eruca_vesicaria,eruves,Brassicaceae,Herb,0.083,0.111,4.0,,annual,0.111,,,,,placenta1,,,,,,,,,,,,,,agroflorestar.com_https://ainfo.cnptia.embrapa.br/digital/bitstream/item/212748/1/Pimentas-Capsicum.pdf
taioba,,Xanthosoma_taioba,xantai,Araceae,Herb,0.166,0.208,4.0,2.0,perennial,3.0,3.0,,semi.evergreen,,placenta2,,,,,,,,,,,1x0.6,,,https://ainfo.cnptia.embrapa.br/digital/bitstream/item/212748/1/Pimentas-Capsicum.pdf
cajurina,,,,,,1.0,3.0,4.0,,,,,,,,,,,,,,,,,,,,,,cartilhaliberdadeevida
cambuca,,Plinia_edulis,,,,10.0,,4.0,,perennial,,,,,10.0,,,fruit,,,,,,,,,,,,agroflorestaecologiaesociedade
chal-chal,vacum,Allophyllus_edulis,,,,,,4.0,,perennial,,,,deciduous,20.0,,,restoration,fruit,,,,,,,,,,,hortas.info/;_https://ainfo.cnptia.embrapa.br/digital/bitstream/item/112716/1/Cultivo-de-Fruteiras-em-Sistemas-Agroflorestais.pdf
guabiroba,,Campomanesia_guaviroba,,Myrtaceae,,,,4.0,,perennial,,,,evergeen,20.0,,,fruit,timber,,,,,,,,,,,https://ainfo.cnptia.embrapa.br/digital/bitstream/item/212748/1/Pimentas-Capsicum.pdf
guabiroba-lisa,guaviroveira,Campomanesia_xanthocarpa,,Myrtaceae,,6.0,,4.0,,perennial,,,,deciduous,25.0,,,fruit,,,,,,,,,,,,cartilhasafipoema
guanandi,,Calophyllum_brasiliense,,,,5.0,6.0,4.0,,perennial,,,,evergreen,25.0,,,timber,oil,,,,,,,,,,,cartilhaliberdadeevida
louro-mole,cafe-de-bugre,Cordia_ecalyculata,,,,,,4.0,,,,,,evergreen,20.0,,,medicine,seed,,,,,,,,,,,agroflorestaecologiaesociedade
mini-jabuticaba-azul,cambui,Myrciaria_plinioides,,,,,,4.0,,perennial,,,,semi.evergreen,5.0,,,fruit,timber,,,,,,,,,,,cartilhaliberdadeevida
moranguinho,,,,,,1.0,,4.0,,,,,,,,,,,,,,,,,,,,,,
pitanga-preta,,Neomitranthes_gemballae,,,,,,4.0,,perennial,,,,semi.evergreen,12.0,,,fruit,timber,,,,,,,,,,,cartilhaliberdadeevida
araca-boi,,Eugenia_stipitata,eugsti,Myrtaceae,Shrub,2.0,,4.0,,perennial,50.0,50.0,,evergreen,1.5,secundaria2e3,,fruit,,,,,,,,,4x3,,,agroflorestaecologiaesociedade
pimenta,,Capsicum_spp,capspp,Solanaceae,Shrub,0.25,0.333,4.0,,perennial,,,,evergreen,,placenta2,,,,,,,,,,,1.3,mudas,,.
pimenta-malagueta,,Capsicum_frutescens,capfru,Solanaceae,Shrub,0.305,0.333,4.0,,perennial,,,,,,,,,,,,,,,,,,,,agroflorestaecologiaesociedade
amora-mo,,Morus_nigra,,Moraceae,Tree,,,4.0,,perennial,50.0,50.0,1.0,evergreen,,secundariainicial,so.mo,,,,,,,,,,,,,cartilhaliberdadeevida
araca,,Psidium_cattleianum,,Myrtaceae,Tree,2.0,3.0,4.0,,perennial,,,,evergreen,12.0,secundaria1,,fruit,,,,,,,,,,,,cartilhasafipoema;_https://ainfo.cnptia.embrapa.br/digital/bitstream/item/112716/1/Cultivo-de-Fruteiras-em-Sistemas-Agroflorestais.pdf
bacupari,,Garcinia_gardneriana,,Clusiaceae,Tree,,,4.0,,perennial,,,,evergreen,15.0,,,fruit,timber,,,af,ne,native,,,,,,agroflorestaecologiaesociedade;_file:///D:/Downloads/Especies-Arboreas-Brasileiras-vol-4-Quaresmeira.pdf
cabeludinha,,Myrciaria_glazioviana,myrgla,Myrtaceae,Tree,5.0,,4.0,,perennial,50.0,50.0,,evergreen,,secundaria2e3,,,,,,,,,,,5x4,,,cartilhasafipoema
carambola,,Averrhoa_carambola,avecar,Oxalidaceae,Tree,5.0,,4.0,,perennial,50.0,50.0,,evergreen,,secundaria3,,,,,,,,,,,4x4,,,agroflorestaecologiaesociedade
cupuacu,,Theobroma_grandiflorum,thegra,Malvaceae,Tree,3.5,12.0,4.0,,perennial,30.0,40.0,,evergreen,8.0,sistemadedisturbio,,fruit,,,,,,,,,4x4,1,,hortas.info/
cuvata,,Cupania_vernalis,cupver,Sapindaceae,Tree,,,4.0,,perennial,,,,evergreen,25.0,,,timber,,,,,,,,,,,,agroflorestaaprendendoaproduzircomanatureza
grumixama,,Eugenia_brasiliensis,eugbra,Myrtaceae,Tree,5.0,,4.0,,perennial,55.0,55.0,,evergreen,15.0,secundaria2e3,,fruit,timber,,,,,,,,5x4,,,hortas.info/
guatambu,,Balfourodendron_riedelianum,balrie,Rutaceae,Tree,26.0,,4.0,,perennial,55.0,55.0,,evergreen,35.0,,,timber,,,,,,,,,,,,agroflorestaecologiaesociedade
lima-da-persia,,Citrus_bergamia,citber,Rutaceae,Tree,3.0,,4.0,,perennial,10.0,10.0,,evergreen,,secundaria2,,,,,,,,,,,7x4,,,hortas.info/
mangustao,,Garcinia_mangostana,garman,Clusiaceae,Tree,4.0,10.0,4.0,,perennial,55.0,55.0,,evergreen,,secundaria2e3,,,,,,,,,,,8x6,,,cartilhaliberdadeevida
mexerica-ponkan,,Citrus_reticulata,citret,Rutaceae,Tree,3.0,6.0,4.0,,perennial,,,,evergreen,,,,,,,,,,,,,,,,agroflorestaecologiaesociedade
tangerina,,Citrus_reticulata,citret,Rubiaceae,Tree,4.0,4.0,4.0,,perennial,50.0,50.0,,evergreen,,secundaria3,,,,,,,,,,,6x4,,,.
feijao-fradinho,,Vigna_unguiculata,vigung,Fabaceae,Climber,0.167,0.222,3.0,,annual,0.25,,,,,placenta1,,,,,,,,,,,0.6x1.5,1semente/berço,,cartilhaliberdadeevida
alcachofra,,Cynara_cardunculus_var_scolymus,cyncarsco,Asteraceae,Herb,0.5,0.583,3.0,,perennial,0.583,,,,,,,,,,,,,,,,,,,agroflorestaaprendendoaproduzircomanatureza
amendoim,,Arachis_hypogaea,arahyp,Fabaceae,Herb,0.278,0.5,3.0,,annual,0.5,,,annual,,,,,,,,,,,,,,,,hortas.info;https://www.gardenia.net/plant/rheum-rhabarbarum-rhubarb
cenoura,,Daucus_carota_sativus,daucarsat,Apiaceae,Herb,0.236,0.305,3.0,,annual,0.305,,,,,placenta1,,,,,,,,,,,,,,agricultoresquecultivamárvores
cerefolio,,Anthriscus_cerefolium,antcer,Apiaceae,Herb,0.167,0.25,3.0,,annual,0.25,,,,,,planta,,,,,,,,,,,,,agricultoresquecultivamárvores
cerefolio,,Anthriscus_cerefolium,antcer,Apiaceae,Herb,0.083,0.111,3.0,,annual,0.25,,,,,,folha,,,,,,,,,,,,,agroflorestaecologiaesociedade
espinafre,,Spinacia_oleracea,spiole,Amaranthaceae,Herb,0.222,0.333,3.0,,annual,0.5,0.5,,annual,,placenta1e2,,,,,,,,,,,0.4x0.4,,,cartilhaliberdadeevida;https://ainfo.cnptia.embrapa.br/digital/bitstream/item/231764/1/Especies-Arboreas-Brasileiras-vol-1-Sobrasil.pdf
espinafre-da-nova-zelandia,,Tetragonia_tetragonioides,tettet,Aizoaceae,Herb,0.139,0.222,3.0,,annual,0.222,,,,,,,,,,,,,,,,,,,agroflorestaaprendendoaproduzircomanatureza
estragao,,Artemisia_dracunculus,artdra,Asteraceae,Herb,0.167,,3.0,,perennial,3.0,3.0,,semi.evergreen,,,,,,,,,,,,,,,,hortas.info/
feijao,,Phaseolus_vulgaris,phavul,Fabaceae,Herb,0.222,0.278,3.0,,annual,0.278,,,annual,,placenta1,,,,,,,,,,,0.5x0.2,,,cartilhaliberdadeevida
feijao-de-porco,,Canavalia_ensiformis,canens,Fabaceae,Herb,0.25,0.333,3.0,,annual,0.333,,,annual,,placenta1e2,,,,,,,,,,,0.6x0.75,1sem./bç,,agroflorestaecologiaesociedade
gengibre,,Zingiber_officinale,zinoff,Zingiberaceae,Herb,0.583,1.0,3.0,,perennial,3.0,3.0,,semi.evergreen,,placenta1e2,,,,,,,,,,,0.7x0.3,,,agendagotsch.com
levistico,,Levisticum_officinale,levoff,Apiaceae,Herb,1.0,2.0,3.0,,perennial,4.0,,,,,,,,,,,,,,,,,,,
salsa,,Petroselinum_crispum,petcri,Apiaceae,Herb,0.139,0.194,3.0,,biennial,,,,,,placenta1,,,,,,,,,,,,,,
taro,,Colocasia_esculenta,colesc,Araceae,Herb,0.667,0.833,3.0,,perennial,,,,,,,,,,,,,,,,,,,,agroflorestaecologiaesociedade
wasabi,,Wasabia_japonica,wasjap,Brassicaceae,Herb,1.5,2.0,3.0,,perennial,5.0,5.0,,,,,,,,,,,,,,,,,,cartilhaliberdadeevida
flemingia-waras,,Flemingia_macrophylla,,,,0.5,,3.0,,,,,,deciduous,2.5,,,biomass,,,,,,,,,,,,hortas.info/
alcaparra,,Capparis_spinosa,capspi,Capparaceae,Shrub,3.0,4.0,3.0,,perennial,20.0,,,,,,,,,,,,,,,,,,,cartilhaliberdadeevida
feijao-carioquinha,,Phaseolus_vulgaris_pintogroup,phavulpin,Fabaceae,Subshrub,0.208,0.25,3.0,,annual,0.25,,,,,placenta1,,,,,,,,,,,0.6x0.75,3sementes/berço,,cartilhaliberdadeevida
hissopo,,Hyssopus_officinalis,hysoff,Lamiaceae,Subshrub,0.167,0.25,3.0,,perennial,,,,,,,,,,,,,,,,,,,,hortas.info/
cacau,,Theobroma_cacao,thecac,Malvaceae,Tree,6.0,12.0,3.0,,perennial,30.0,,,evergreen,10.0,sistemadedisturbio,,fruit,seed,,,,,,,,3x3,3,,
coite,,Crescentia_cujete,crecuj,Bignoniaceae,Tree,1.0,3.0,3.0,,perennial,,,,,,,,,,,,,,,,,,,,.
laranja,,Citrus_x_aurantium,citaur,Rutaceae,Tree,3.0,,3.0,,perennial,10.0,10.0,,evergreen,,secundaria1e2,,,,,,,,,,,6x3,,,agendagotsch.com
limao,,Citrus_aurantifolia,citaur,Rutaceae,Tree,3.0,,3.0,,perennial,50.0,50.0,,evergreen,,secundaria1e2,,,,,,,,,,,7x5,,,agroflorestar.com
abobora-dagua,,Benincasa_hispida,benhis,Cucurbitaceae,Climber,0.278,0.444,2.0,,annual,0.444,,,,,,,,,,,,,,,,,,,agricultoresquecultivamárvores
feijao-adzuki,,Vigna_angularis,vigang,Fabaceae,Climber,0.333,0.333,2.0,,annual,0.333,,,,,,,,,,,,,,,,,,,cartilhaliberdadeevida
maxixe,,Cucumis_anguria,cucang,Curcubitaceae,Climber,0.139,0.222,2.0,,annual,0.5,0.5,,annual,,placenta1e2,,,,,,,,,,poucoexigente,0.3x0.3,,60-75dias(folhas)7-12mese(cormos),agroflorestaaprendendoaproduzircomanatureza
abacaxi,,Ananas_comosus,anacom,Bromeliaceae,Herb,2.0,,2.0,,perennial,3.0,3.0,,semi.evergreen,0.7,secundaria1,fruit,fruit,,,,am_af_ca_ce_p_ch,ne,native,,,1x0.4,,,agroflorestaecologiaesociedade
acafrao,,Crocus_sativus_L,crosat,Iridaceae,Herb,1.5,3.0,2.0,,perennial,7.0,,,semi.evergreen,0.4,,,condiment,,,,asia,ne,alien,,,0.1x0.45,bulbs,,cartilhasafipoema
acafrao-falso,,Curcuma_zedoaria,curzed,Zingiberaceae,Herb,0.5,0.75,2.0,,perennial,3.0,3.0,,semi.evergreen,,placenta1e2,,,,,,,,,,,0.5x0.3,,,cartilhaliberdadeevida
agriao-da-terra,,Barbarea_verna,barver,Brassicaceae,Herb,0.111,0.167,2.0,,annual,0.5,0.5,,annual,,placenta1e2,,,,,,,,,,,0.2x0.2,,,cartilhasafipoema
araruta,,Maranta_arundinacea,mararu,Marantaceae,Herb,0.917,1.0,2.0,,perennial,3.0,3.0,,semi.evergreen,,placenta1e2,,,,,,,,,,,0.8x0.3,,,agricultoresquecultivamárvores
ararutao,achira,Canna_indica_L,,Cannaceae,Herb,,,2.0,,perennial,,,,,3.0,,,root,,,,,,,,,,,,agroflorestaecologiaesociedade
azedinha,,Rumex_acetosa,rumace,Polygonaceae,Herb,0.167,,2.0,,perennial,,,,,0.55,,,,,,,,,,,,,,,
batata-doce,,Ipomoea_batatas,ipobat,Convolvulaceae,Herb,0.333,0.417,2.0,,perennial,3.0,3.0,,semi.evergreen,0.3,placenta1e2,,root,leaf,,,,,,,,0.8x0.3,,,https://www.ecoagri.com.br/web/wp-content/uploads/organiza%c3%a7%c3%a3o-de-algumas-esp%c3%a9cies-vegetais-por-tempo-de-vida.pdf;https://biblioteca.incaper.es.gov.br/digital/bitstream/123456789/3408/1/29seagro-prata.pdf
cebolinha-chinesa,,Allium_tuberosum,alltub,Liliaceae,Herb,1.0,,2.0,,perennial,,,,,0.6,,,,,,,,,,,,,,,agroflorestaecologiaesociedade
curcuma,,Curcuma_longa,curlon,Zingiberaceae,Herb,0.417,1.0,2.0,,annual,1.0,1.0,,annual,,,,,,,,,,,,,,,,agroflorestaecologiaesociedade
dente-de-leao,,Taraxacum_officinale,taroff,Asteraceae,Herb,0.25,,2.0,,perennial,,,,,,,,,,,,,,,,,,,,agricultoresquecultivamárvores
jambu,,Acmella_oleracea,acmole,Asteraceae,Herb,0.125,0.417,2.0,,perennial,,,,,,,,,,,,,,,,,,,,
lirio-do-brejo,,Hedychium_coronarium,heycor,Zingiberaceae,Herb,1.0,1.0,2.0,,perennial,,,,,,,,,,,,,,,,,,,,agroflorestaecologiaesociedade
manjerona,,Origanum_majorana,orimaj,Lamiaceae,Herb,0.167,0.25,2.0,,perennial,3.0,,,,,,,,,,,,,,,,,,,cartilhaliberdadeevida
poejo,,Mentha_pulegium,menpul,Lamiaceae,Herb,1.0,1.0,2.0,,perennial,,,,,,,,,,,,,,,,,,,,cartilhasafipoema
soja,,Glycine_max,glimax,Fabaceae,Herb,0.333,0.333,2.0,,annual,0.333,,,,,,,,,,,,,,,,,,,.
tomilho,,Thymus_vulgaris,thyvul,Lamiaceae,Herb,,,2.0,,perennial,3.0,3.0,,,,,,,,,,,,,,,,,,
chaya,espinafre-maia,Cnidosculus_aconitifolius,,,,,,2.0,,,,,,,6.0,,,leaf,,,,,,,,,,,,hortas.info/
feijao-de-moita,,,,Fabaceae,,0.194,0.25,2.0,,annual,0.5,0.5,,annual,,placenta1e2,,,,,,,,,,,0.5x0.2,,,agroflorestar.com
timbauva,,Enterolobium_contortisiliquum,,Fabaceae,,,,2.0,,perennial,,,,deciduous,40.0,,,timber,,,,,,,,,,,,
acerola,,Malpighia_emarginata,malema,Malpighiaceae,Shrub,3.0,,2.0,,perennial,30.0,50.0,,evergreen,3.0,secundaria1,,fruit,,,,,,,,,3x4,,,agroflorestaecologiaesociedade
cafe,,Coffea_arabica,cofara,Rubiaceae,Shrub,3.0,,2.0,,perennial,15.0,50.0,,evergreen,4.0,secundaria12e3,,seed,,,,,,,,,2x1,,,agroflorestaecologiaesociedade
marmelada,,Cordiera_sessilis,corses,Rubiaceae,Shrub,1.0,3.0,2.0,,perennial,,,,,,,,,,,,,,,,,,,,cartilhaliberdadeevida
feijao-preto,,Phaseolus_vulgaris,phavul,Fabaceae,Subshrub,0.25,,2.0,,annual,0.25,,,,,,,,,,,,,,,,,,,agroflorestaecologiaesociedade
oregano,,Origanum_vulgare,Orivul,Lamiaceae,Subshrub,1.0,,2.0,,perennial,5.0,,,,,,,,,,,,,,,,,,,cartilhaliberdadeevida
laranja-lima,,Citrus_x_aurantium_var_lumia,citlum,Rutaceae,Tree,6.0,12.0,2.0,,perennial,30.0,,,,,,,,,,,,,,,,,,,
abobora,,Curcubita_moschata,curmos,Cucurbitaceae,Climber,0.25,0.417,1.0,,annual,0.416,0.25,,evergreen,0.5,placenta1e2,,fruit,seed,,,,,,,,2x1,,,agroflorestaecologiaesociedade
beldroega,,Portulaca_oleracea,porole,Portulacaceae,Herb,0.167,0.222,0.0,,annual,0.25,,,,,,,,,,,,,,,,,,,agroflorestaecologiaesociedade
hortela,,Mentha_sp,mensp,Lamiaceae,Herb,0.333,,0.0,,perennial,3.0,3.0,,semi.evergreen,,placenta1e2,,,,,,,,,,,0.3x0.3,,,agroflorestar.com
melancia,,Citrullus_lanatus,citlan,Curcubitaceae,Herb,0.222,0.306,0.0,,annual,0.5,0.5,,annual,,placenta2,,,,,,,,,,maisexigente,2x1,,,hortas.info/
melao,,Cucumis_melo,cucmel,Curcubitaceae,Herb,0.167,0.389,0.0,,annual,0.5,0.5,,annual,,placenta1e2,,,,,,,,,,,2x0.5,,,hortas.info/
